56.066,56.024,56.027,55.741,55.474,55.496,56.069,56.262,,,,,,,,,,,,,
-4.64232808,-1.042727672,0,0.492626634,0.905008839,14.80121742,15.48111785,20.28704503,,,,,,,,,,,,,
J,T1,L,D1L,,D1L,L,T1,,,,,,,,,,,,,
55.642,55.515,55.498,54.545,53.782,53.646,53.648,54.565,55.955,55.995,,,,,,,,,,,
-19.55253267,-15.44997005,-12.31377023,-11.01636767,-9.343142565,-5.257881702,-3.079573509,-2.252908564,0,9.211539991,,,,,,,,,,,
J,J,T1,L,D1L,,D1L,L,T1,,,,,,,,,,,,
55.824,55.86,55.95,54.634,53.898,53.73,53.706,54.614,55.624,55.963,,,,,,,,,,,
-19.68460378,-14.50243335,-12.06072941,-9.24243139,-8.539736413,-5.381858509,-2.303719167,-1.396409682,0,10.03382963,,,,,,,,,,,
J,J,T1,L,D1L,,D1L,L,T1,,,,,,,,,,,,
56.184,56.155,56.183,54.608,53.891,53.726,53.715,54.604,55.68,55.844,55.798,,,,,,,,,,
-20.51101541,-15.66693834,-13.19622385,-8.997283145,-8.227104108,-4.998890277,-2.18937845,-1.15890034,0,0.972486504,11.4592066,,,,,,,,,,
J,J,T1,L,D1L,,D1L,L,T1,,,,,,,,,,,,
55.947,55.913,54.536,53.887,53.62,53.622,54.507,55.084,55.376,,,,,,,,,,,,
-17.67377673,-14.32623164,-8.44369232,-7.115461545,-3.980205146,-1.428118342,-0.719560977,0,11.50016113,,,,,,,,,,,,
J,T1,L,D1L,,D1L,L,T1,,,,,,,,,,,,,
55.084,,,,,,,,,,,,,,,,,,,,
0,,,,,,,,,,,,,,,,,,,,
,,,,,,,,,,,,,,,,,,,,
55.649,,,,,,,,,,,,,,,,,,,,
0,,,,,,,,,,,,,,,,,,,,
,,,,,,,,,,,,,,,,,,,,
55.545,55.518,54.379,53.645,53.542,53.729,54.43,55.685,55.762,,,,,,,,,,,,
-6.788017457,0,1.332401216,1.884989655,5.332637715,8.373931275,9.050874267,12.70053141,15.92090701,,,,,,,,,,,,
,T1,L,D1L,,D1L,L,T1,J,,,,,,,,,,,,
55.633,55.687,54.453,53.831,53.56,53.592,54.382,55.554,55.799,55.83,,,,,,,,,,,
-4.863420905,0,1.36903214,1.986599355,4.998828362,8.296047252,9.236837229,11.23057367,14.11289672,18.92327385,,,,,,,,,,,
,T1,L,D1L,,D1L,L,T1,J,J,,,,,,,,,,,
55.462,55.401,55.792,55.493,54.268,52.99,52.772,53.72,54.303,55.288,55.779,,,,,,,,,,
-7.273012649,-3.400419092,0,0.675624895,1.642145547,3.524620972,5.954826361,10.43026308,11.20434134,12.80586428,19.66435404,,,,,,,,,,
J,J,,T1,L,D1L,,D1L,L,T1,,,,,,,,,,,
55.89,,,,,,,,,,,,,,,,,,,,
0,,,,,,,,,,,,,,,,,,,,
,,,,,,,,,,,,,,,,,,,,
55.488,55.38,54.479,53.774,53.627,53.756,54.36,55.729,55.553,,,,,,,,,,,,
-11.3353908,-11.01496722,-10.01133443,-9.386860231,-5.916300617,-2.954208692,-2.076174367,0,5.248401237,,,,,,,,,,,,
,T1,L,D1L,,D1L,L,T1,J,,,,,,,,,,,,
55.48,55.296,54.48,53.897,53.689,53.626,54.442,55.585,55.367,55.418,,,,,,,,,,,
-12.70621159,-10.74815189,-10.22680028,-9.525359049,-6.296459403,-3.125536754,-2.159287383,0,1.085627007,5.672219054,,,,,,,,,,,
,T1,L,D1L,,D1L,L,T1,J,R,,,,,,,,,,,
55.149,55.273,54.973,54.521,53.766,53.694,53.659,54.436,54.971,55.029,55.101,55.044,,,,,,,,,
-6.10874537,0,0.617119924,1.33650664,2.138471416,5.672596055,8.633119598,9.37222759,9.493484503,14.11926464,17.34888541,18.84189486,,,,,,,,,
,,T1,L,D1L,,D1L,L,T1,J,J,R,,,,,,,,,
55.018,55.086,54.48,53.834,53.689,53.692,54.461,54.974,54.986,54.88,54.94,,,,,,,,,,
-12.61856101,-9.905320186,-9.152738825,-8.375585711,-4.798975307,-1.896173515,-1.221321415,-1.038058283,0,3.846052132,7.907991464,,,,,,,,,,
,T1,L,D1L,,D1L,L,T1,,J,J,,,,,,,,,,
54.86,54.515,53.713,53.651,53.693,54.518,54.739,54.877,54.903,55.124,,,,,,,,,,,
-15.91678988,-12.29528828,-11.23797927,-8.510206402,-5.177213536,-4.296939027,-3.446278282,0,2.740292685,7.407198188,,,,,,,,,,,
T1,L,D1L,,D1L,L,T1,,J,,,,,,,,,,,,
54.863,54.426,53.459,53.439,53.506,54.455,54.464,54.838,54.844,54.782,,,,,,,,,,,
-13.79446048,-9.573473612,-8.758373879,-5.560593494,-2.530650707,-1.552289921,-1.456313153,0,1.575859131,5.048001585,,,,,,,,,,,
T1,L,D1L,,D1L,L,T1,,J,J,,,,,,,,,,,
55.05,54.846,54.463,53.618,53.558,53.603,54.39,55.088,54.879,54.945,,,,,,,,,,,
-12.50576479,-10.51791828,-9.380953043,-8.476633589,-5.49769961,-2.299529082,-1.32379228,0,0.897073018,4.214679703,,,,,,,,,,,
,T1,L,D1L,,D1L,L,T1,J,J,,,,,,,,,,,
54.729,54.795,54.438,53.643,53.553,53.548,54.304,54.901,54.683,54.652,,,,,,,,,,,
-13.17423432,-10.55014166,-9.578829,-8.592833119,-5.54488458,-2.808980776,-1.350259605,0,0.321628668,4.103703327,,,,,,,,,,,
,T1,L,D1L,,D1L,L,T1,J,J,,,,,,,,,,,
54.728,54.837,54.827,53.823,53.784,53.744,54.829,55.001,54.935,55.036,,,,,,,,,,,
-13.47667069,-10.99834979,-9.442118036,-8.281263913,-5.567988236,-2.174033118,-0.803196738,0,3.338297171,4.470081095,,,,,,,,,,,
J,T1,L,D1L,,D1L,L,T1,J,R,,,,,,,,,,,
54.837,54.807,54.794,53.712,53.699,53.853,54.829,54.847,54.872,,,,,,,,,,,,
-13.03220027,-10.85910498,-9.525035328,-8.418389632,-5.728725164,-2.417325175,-1.028160493,0,2.963001519,,,,,,,,,,,,
J,T1,L,D1L,,D1L,L,T1,J,,,,,,,,,,,,
54.708,54.706,54.584,53.695,53.594,53.578,54.619,54.619,54.619,54.668,,,,,,,,,,,
-13.52805252,-10.96159518,-9.411345706,-8.562090399,-5.887556794,-2.458049023,-1.09573035,0,3.182137175,6.144588269,,,,,,,,,,,
J,T1,L,D1L,,D1L,L,T1,J,R,,,,,,,,,,,
54.745,54.724,54.594,53.7,53.569,53.532,54.56,54.731,54.757,,,,,,,,,,,,
-14.23236723,-11.57988342,-10.52359758,-9.599488789,-6.235290611,-3.073796675,-2.090179897,0,3.159657734,,,,,,,,,,,,
R,T1,L,D1L,,D1L,L,T1,R,,,,,,,,,,,,
54.979,54.967,54.786,54.237,53.665,53.576,53.602,54.307,55.081,55.131,,,,,,,,,,,
-18.03192247,-14.04468173,-10.40996316,-10.02827029,-9.241933672,-6.081711026,-2.840475488,-1.999378153,0,2.675302787,,,,,,,,,,,
J,J,T1,L,D1L,,D1L,L,T1,R,,,,,,,,,,,
55.002,54.975,54.636,54.209,53.566,53.514,53.621,54.479,54.833,54.851,54.963,,,,,,,,,,
-21.14817848,-17.53119808,-13.57686157,-12.91754268,-12.25570908,-9.099120452,-5.716096658,-4.588858791,-2.846758859,0,2.640975009,,,,,,,,,,
J,J,T1,L,D1L,,D1L,L,T1,,R,,,,,,,,,,
54.894,54.922,54.778,54.182,53.622,53.487,53.515,54.393,54.82,54.853,54.87,54.876,,,,,,,,,
-19.92075993,-16.03911076,-12.49433103,-11.11792535,-10.55387559,-7.442892449,-3.890347028,-2.804576617,-1.010903062,0,2.201627126,3.257698728,,,,,,,,,
J,J,T1,L,D1L,,D1L,L,T1,,J,R,,,,,,,,,
54.907,54.849,54.214,53.55,53.568,53.598,54.442,54.782,54.834,,,,,,,,,,,,
-19.14082822,-15.78429945,-10.81780426,-9.813337862,-6.484637307,-3.378977952,-2.283039421,0,3.873733212,,,,,,,,,,,,
J,T1,L,D1L,,D1L,L,T1,J,,,,,,,,,,,,
54.809,54.82,54.22,53.509,53.441,53.668,54.384,54.77,54.789,,,,,,,,,,,,
-19.49920173,-15.35991006,-10.64220466,-9.884357136,-6.984287007,-3.564225863,-2.540624333,0,3.113078541,,,,,,,,,,,,
J,T1,L,D1L,,D1L,L,T1,J,,,,,,,,,,,,
54.913,54.877,54.877,54.162,53.511,53.53,53.657,54.505,54.649,54.668,54.681,,,,,,,,,,
-19.47398667,-15.91774488,-12.53752017,-10.91054902,-10.11067011,-6.921883053,-3.8406325,-2.634996015,0,2.64189345,3.339079214,,,,,,,,,,
J,J,T1,,D1L,L,D1L,L,T1,J,R,,,,,,,,,,
54.852,54.83,54.518,53.46,53.499,53.606,54.537,54.485,54.544,,,,,,,,,,,,
-19.90461595,-16.04065388,-11.06832892,-9.798375018,-7.20618519,-3.720106584,-2.516361858,0,3.328646722,,,,,,,,,,,,
J,T1,L,D1L,,D1L,L,T1,R,,,,,,,,,,,,
54.591,54.636,54.407,53.437,53.448,53.62,54.466,54.568,54.64,,,,,,,,,,,,
-20.12084342,-16.1522031,-11.02004378,-9.908525622,-6.822451905,-3.395389374,-2.236967814,0,3.05125974,,,,,,,,,,,,
J,T1,L,D1L,,D1L,L,T1,R,,,,,,,,,,,,
54.564,54.521,54.413,53.489,53.436,53.508,54.465,54.539,54.556,54.576,,,,,,,,,,,
-19.16151093,-16.14675107,-10.82416556,-9.827379915,-6.814452656,-3.596854181,-2.888842848,0,2.852222992,3.686523023,,,,,,,,,,,
J,T1,L,D1L,,D1L,L,T1,J,R,,,,,,,,,,,
54.576,54.534,54.497,53.306,53.347,53.488,54.575,54.484,54.508,54.483,,,,,,,,,,,
-18.70667736,-15.51654453,-10.53707977,-9.317602964,-5.914047768,-2.893092463,-1.95555542,0,2.878788808,3.603953385,,,,,,,,,,,
J,T1,L,D1L,,D1L,L,T1,J,R,,,,,,,,,,,
54.663,54.679,54.469,53.373,53.306,53.338,53.398,54.628,54.697,54.708,54.323,,,,,,,,,,
-20.3099066,-16.69471332,-11.98428826,-10.80218149,-7.701494011,-4.115810613,-1.29357837,-0.235314683,0,2.058645186,3.118170778,,,,,,,,,,
J,T1,L,D1L,,D1L,L,T1,,,,,,,,,,,,,
54.537,54.52,54.447,53.299,53.177,53.275,54.505,54.574,54.585,,,,,,,,,,,,
-17.62297234,-14.57595297,-9.411069706,-8.271191269,-4.879567194,-1.293275686,-0.234968083,0,2.058938076,,,,,,,,,,,,
J,T1,L,D1L,,D1L,L,T1,,,,,,,,,,,,,
54.608,54.598,54.52,53.586,53.26,53.269,54.594,54.834,54.555,,,,,,,,,,,,
-17.12935842,-14.10580111,-9.341524126,-8.406031704,-5.117770022,-1.954000256,-0.887677869,0,2.916414408,,,,,,,,,,,,
J,T1,L,D1L,,D1L,L,T1,,,,,,,,,,,,,
54.529,54.524,54.515,53.647,53.289,53.232,54.588,54.833,54.434,,,,,,,,,,,,
-20.39502611,-16.99236361,-12.71000622,-11.59646468,-7.974377029,-5.277865099,-3.770827496,0,3.838823257,,,,,,,,,,,,
J,T1,L,D1L,,D1L,L,T1,J,,,,,,,,,,,,
54.576,54.524,54.121,53.194,53.081,53.208,54.18,54.571,54.91,54.606,53.357,53.316,54.369,54.331,,,,,,,
-21.5,-17.9,-12,-10.7,-7.2,-3.1,-1.8,-0.9,0,2.6,3.8,5.5,6.3,12.41207448,,,,,,,
J,T1,L,D1L,,D1L,L,T1,,,,,,J,,,,,,,
54.771,55.108,54.222,53.049,53.068,53.15,54.264,54.54,54.569,54.333,53.983,,,,,,,,,,
-2.790651716,0,0.97204218,2.218050721,5.136119255,8.008599628,9.364116296,9.665748393,10.46533731,11.00170646,11.888887,,,,,,,,,,
,T1,L,D1L,,D1L,L,T1,,,,,,,,,,,,,
54.543,54.173,53.278,52.872,52.951,54.143,54.49,54.799,54.403,,,,,,,,,,,,
-10,-9.4,-7.9,-5.5,-3.1,-1.8,-0.8,0,3.8,,,,,,,,,,,,
T1,L,D1L,,D1L,L,T1,,,,,,,,,,,,,,
54.112,54.559,54.659,54.313,53.44,53.122,53.042,54.288,54.862,54.648,53.052,52.981,,,,,,,,,
-12.35680367,-10.81858184,-9.887637736,-9.356402086,-8.462207809,-4.721249093,-2.306178224,-0.834334466,0,4.054473331,7.848927696,9.032475298,,,,,,,,,
,,T1,L,D1L,,D1L,L,T1,,,,,,,,,,,,
53.945,53.998,54.823,54.758,54.274,53.255,53.11,53.092,54.328,54.671,54.996,54.748,54.198,,,,,,,,
-13.88976317,-12.65770378,-11.49930989,-10.63718506,-9.609270628,-8.384674829,-4.990428137,-2.340790464,-0.843355203,-0.566887114,0,3.323523732,3.850881587,,,,,,,,
,,,T1,L,D1L,,D1L,L,T1,,,,,,,,,,,
54.002,54.001,54.415,54.236,53.054,53.005,53.078,54.328,54.786,54.472,54.015,53.922,,,,,,,,,
-14.74436767,-12.75117446,-11.97682082,-9.681149569,-8.590800021,-5.546435341,-2.29427919,-0.904881207,0,2.86664002,3.576448658,5.18628316,,,,,,,,,
,,T1,L,D1L,,D1L,L,T1,,,,,,,,,,,,
54.155,54.287,53.229,53.042,53.204,54.424,55.016,54.679,52.887,52.812,,,,,,,,,,,
-11.08672887,-9.509103481,-8.716595953,-5.194423645,-1.935719505,-0.636955257,0,3.039069923,4.996293926,6.512140354,,,,,,,,,,,
T1,L,D1L,L,D1L,,T1,,,,,,,,,,,,,,
53.67,53.757,54.271,54.289,53.095,52.994,53.073,54.472,54.817,54.516,53.053,52.906,,,,,,,,,
-14.6517557,-13.20923813,-11.15168005,-9.549369927,-8.633144562,-5.362531212,-1.96396665,-0.717885785,0,3.323540882,5.196374986,6.531121955,,,,,,,,,
,,T1,L,D1L,,D1L,L,T1,,,,,,,,,,,,
53.313,53.477,54.184,54.523,54.163,53.114,52.974,53.203,54.283,54.857,55.178,54.823,53.372,52.985,,,,,,,
-14.60843979,-12.70360492,-12.00286137,-9.94321608,-9.474103757,-8.230307952,-5.674001409,-1.962395729,-1.090362325,-0.342141783,0,2.969090097,4.875392292,6.563630855,,,,,,,
,,,T1,L,D1L,,D1L,L,T1,,,,,,,,,,,
53.78,54.204,54.529,54.099,52.836,52.907,53.348,54.23,55.327,54.954,52.996,52.984,,,,,,,,,
-14.92711282,-12.28497782,-9.823902738,-9.344247428,-7.800623629,-5.564708978,-2.314626752,-1.213429026,0,2.69447082,5.354047814,6.482947632,,,,,,,,,
,,T1,L,D1L,,D1L,L,T1,,,,,,,,,,,,
53.923,54.246,54.459,54.063,52.799,52.869,53.468,54.199,54.654,54.975,54.826,53.948,53.174,,,,,,,,
-17.26220696,-12.08396032,-9.782270953,-9.34624684,-8.023492818,-6.042655459,-1.708241494,-0.914807083,-0.482420978,0,2.806684877,4.965790672,9.155880569,,,,,,,,
,,T1,L,D1L,,D1L,L,T1,,,,,,,,,,,,
53.862,54.093,52.907,52.95,53.46,54.125,54.826,54.609,52.983,52.662,,,,,,,,,,,
-14.19117518,-10.66033044,-9.196492483,-5.746705577,-1.763812348,-1.036234047,0,2.788243354,6.07818213,7.488384673,,,,,,,,,,,
T1,L,D1L,L,D1L,,T1,,,,,,,,,,,,,,
54.362,54.258,54.451,54.078,53.042,53.041,52.982,54.013,54.595,54.406,52.715,52.111,,,,,,,,,
-13.50435756,-12.16498122,-11.20584865,-10.68462493,-9.554635,-5.90318863,-2.264047924,-1.101527122,0,2.971291975,5.271867411,6.172527926,,,,,,,,,
,,T1,L,D1L,,D1L,L,T1,,,,,,,,,,,,
53.77,53.874,54.351,54.097,53.012,53.029,53.083,53.971,54.509,54.15,53.74,,,,,,,,,,
-13.22565692,-11.30926368,-9.717364097,-9.356038157,-8.368393693,-4.898482418,-1.749786844,-0.734687008,0,3.068567255,5.632506547,,,,,,,,,,
,,T1,L,D1L,,D1L,L,T1,,,,,,,,,,,,
54.043,53.721,54.345,54.344,54.101,53.058,53.001,53.131,54.022,54.67,54.303,53.868,,,,,,,,,
-12.46856664,-11.46535673,-10.7327803,-9.69521351,-9.484796519,-8.320881263,-4.749661251,-1.939836076,-1.030681813,0,2.698540346,5.213240259,,,,,,,,,
,,T1,L,D1L,,D1L,L,T1,,,,,,,,,,,,
52.926,53.351,54.329,54.426,54.101,52.992,52.954,53.021,54.071,54.601,54.322,53.765,,,,,,,,,
-14.20561474,-13.47047512,-11.15526087,-9.576557315,-9.27069992,-8.216517815,-5.49254513,-2.113987938,-0.810671944,0,2.316991152,4.922770764,,,,,,,,,
,,T1,L,D1L,,D1L,L,T1,,,,,,,,,,,,
53.758,53.688,54.302,54.327,54.134,53.034,52.948,52.95,54.075,54.584,54.391,,,,,,,,,,
-13.99130023,-12.15045102,-11.63615959,-9.868234493,-9.416035737,-8.291546358,-5.081905942,-1.857095851,-0.788026649,0,1.93996701,,,,,,,,,,
,,T1,L,D1L,,D1L,L,T1,,,,,,,,,,,,
53.936,54.113,52.957,52.872,52.96,54.001,54.584,54.212,53.691,,,,,,,,,,,,
-12.27941957,-9.374063207,-8.093688714,-5.323014653,-2.078677705,-0.754875486,0,2.590546274,4.563516188,,,,,,,,,,,,
T1,L,D1L,,D1L,L,T1,,,,,,,,,,,,,,
53.746,54.333,54.381,54.145,52.982,52.894,52.956,54.078,54.752,54.321,,,,,,,,,,,
-13.59591045,-11.89865207,-9.891992014,-9.537285201,-8.269733792,-5.062853938,-2.278212018,-0.88411877,0,2.996671487,,,,,,,,,,,
,,T1,L,D1L,,D1L,L,T1,R,,,,,,,,,,,
53.069,53.192,54.513,54.486,54.088,53.013,52.933,52.92,54.074,54.633,54.171,53.617,,,,,,,,,
-14.27889033,-13.57943695,-11.71054772,-10.05252167,-9.573129739,-8.320501247,-5.375807381,-2.135778312,-0.846208012,0,2.48058864,3.85151295,,,,,,,,,
,,,T1,L,D1L,,D1L,L,T1,,,,,,,,,,,
53.317,53.484,54.375,54.488,54.125,52.962,52.815,52.829,53.997,54.758,54.459,53.72,53.484,,,,,,,,
-15.89397335,-14.08957267,-11.80151177,-10.07476154,-9.565337056,-8.285529554,-5.469797163,-2.353516943,-0.811477664,0,2.274562815,3.559448412,5.52219757,,,,,,,,
,,,T1,L,D1L,,D1L,L,T1,,,,,,,,,,,
53.496,54.615,54.415,54.101,52.85,52.842,52.924,54.07,54.637,54.475,53.693,53.525,,,,,,,,,
-12.88946938,-12.0554659,-9.9821397,-9.554941863,-8.133664611,-4.860851777,-2.311381621,-0.892773768,0,2.237493687,3.41929832,4.536706845,,,,,,,,,
,,T1,L,D1L,,D1L,L,T1,,,,,,,,,,,,
53.526,53.606,54.612,54.696,54.271,53.068,52.951,52.957,54.269,54.758,54.493,53.176,52.881,,,,,,,,
-13.73760423,-12.88680585,-11.86843044,-9.953779031,-9.319697903,-7.881255547,-4.875092307,-2.114268904,-0.67125703,0,2.603652243,5.675861344,8.986510112,,,,,,,,
,,,T1,L,D1L,,D1L,L,T1,,,,,,,,,,,
53.613,54.205,54.662,54.624,54.179,53.088,53.025,52.959,54.203,54.794,54.538,53.999,,,,,,,,,
-16.10930976,-13.11549103,-12.33916115,-10.01717111,-9.346106408,-7.876093003,-4.715899278,-1.750577619,-0.569155515,0,2.354358724,3.535341709,,,,,,,,,
,,,T1,L,D1L,,D1L,L,T1,,,,,,,,,,,
53.502,53.609,54.645,54.628,54.079,52.875,52.738,52.852,54.025,54.585,53.071,52.944,,,,,,,,,
-13.73491977,-13.07600279,-11.45047532,-10.15868874,-9.555715463,-8.206140384,-5.219735338,-2.127382664,-0.800131239,0,4.516700123,6.168049692,,,,,,,,,
,,,T1,L,D1L,,D1L,L,T1,,,,,,,,,,,
53.625,54.4,54.373,54.019,52.911,52.732,52.892,54.045,54.551,54.238,53.068,52.924,,,,,,,,,
-12.63339341,-11.38512934,-9.949340732,-9.448197341,-8.141839227,-4.908019254,-2.035566015,-0.760645121,0,2.474374668,4.341130843,5.130087719,,,,,,,,,
,,T1,L,D1L,,D1L,L,T1,,,,,,,,,,,,
53.382,53.661,54.452,54.477,54.074,52.898,52.827,52.869,54.032,54.666,54.279,,,,,,,,,,
-12.80489977,-12.12406805,-10.90737021,-9.864765684,-9.463468973,-8.176181994,-6.103033426,-2.264323519,-0.78517514,0,4,,,,,,,,,,
,,,T1,L,D1L,,D1L,L,T1,,,,,,,,,,,
53.633,53.912,54.336,54.366,53.991,52.874,52.839,52.875,53.98,54.439,54.236,53.881,53.555,,,,,,,,
-14.06448606,-11.55880396,-10.8879651,-9.663230568,-9.246483494,-7.945070547,-4.752977383,-1.704704373,-0.600523938,0,1.98196897,3.565650572,4.743303174,,,,,,,,
,,,T1,,D1L,,D1L,L,T1,,,,,,,,,,,
53.439,53.889,54.21,54.045,52.875,52.782,52.846,54.007,54.626,54.093,53.598,,,,,,,,,,
-14.59827336,-12.83568685,-9.932245667,-9.498958785,-8.231203557,-5.143777309,-2.151334469,-0.829367229,0,2.968026449,5.763822083,,,,,,,,,,
,,T1,L,D1L,,D1L,L,T1,,,,,,,,,,,,
53.718,54.223,54.298,53.992,52.862,52.873,52.85,52.94,54.002,54.494,54.196,54.044,,,,,,,,,
-14.73751027,-12.6498432,-10.11056502,-9.493821148,-8.196815052,-8.190288151,-4.887231118,-1.942422456,-0.859661561,0,3.18586409,5.054073209,,,,,,,,,
,,T1,L,D1L,,D1L,L,T1,,,,,,,,,,,,
53.697,54.046,54.214,53.992,52.797,52.776,52.802,53.996,54.525,54.373,53.73,53.41,,,,,,,,,
-14.28234032,-12.53130041,-10.13379179,-9.420377169,-8.151086431,-5.168185852,-2.211499491,-0.856084692,0,2.196797897,3.431072718,5.462751322,,,,,,,,,
,,T1,L,D1L,,D1L,L,T1,,,,,,,,,,,,
53.3839868,53.72656867,54.29183142,54.32204841,54.0097306,52.72235347,52.74382329,52.84034282,54.1279834,54.50138535,54.29453355,53.44956358,53.22765136,53.0221475,52.94846914,,,,,,
-16.3149475,-15.38138225,-12.55110087,-10.11612164,-9.299880537,-8.017440053,-4.51325304,-2.034068092,-0.573927696,0,2.021524672,3.439423934,5.966096882,6.410194147,7.86371032,,,,,,
,,,T1,L,D1L,,D1L,L,T1,,,,,,,,,,,
54.3890488,54.42083812,53.96998144,52.87462392,52.84179252,52.77394173,53.96709296,54.68427403,53.81559686,53.25935517,,,,,,,,,,,
-12.81588616,-10.66708367,-9.686692418,-8.490098821,-5.08983821,-2.622881049,-1.265439844,0,5.589842574,6.223248348,,,,,,,,,,,
,T1,L,D1L,L,D1L,,T1,,,,,,,,,,,,,
54.194,54.551,52.808,52.711,52.768,54.26,54.53,53.953,52.835,52.775,,,,,,,,,,,
-17.39903934,-10.26301408,-8.701707993,-5.826679758,-2.766261014,-1.061001885,0,5.618097988,6.472186802,7.587984186,,,,,,,,,,,
T1,L,D1L,,D1L,L,T1,,,,,,,,,,,,,,
52.892,53.857,54.154,53.948,52.769,52.716,52.684,53.956,54.59,54.37,53.922,53.805,52.877,52.698,,,,,,,
-15.72809413,-13.15437361,-10.53224311,-9.808258561,-8.556060776,-5.875701235,-2.58932134,-1.220796461,0,1.158544345,1.778278943,4.345294582,7.336928308,8.186868022,,,,,,,
,,T1,L,D1L,,D1L,L,T1,,,,,,,,,,,,
52.975,53.824,54.058,54.329,54.259,53.937,52.774,52.601,52.849,53.935,54.531,54.202,53.94,53.832,52.779,52.555,,,,,
-20.12716677,-14.46338398,-12.40421622,-12.09469491,-11.48923083,-10.92780097,-9.571587382,-6.040505691,-2.732195089,-1.348261845,0,1.484056939,2.243704971,5.317606321,7.092869236,8.026748843,,,,,
,,,,T1,L,D1L,,D1L,L,T1,,,,,,,,,,
53.691,53.915,52.756,52.646,52.742,53.921,54.31,54.617,54.357,53.973,53.818,53.081,52.832,,,,,,,,
-15.36736558,-9.52153454,-8.216857611,-5.153283225,-2.26455404,-0.9587544,-0.418240362,0,1.563025911,2.71523406,5.19500693,6.649897443,8.228376875,,,,,,,,
T1,L,D1L,,D1L,L,T1,,,,,,,,,,,,,,
53.672,54.011,53.919,52.732,52.68,52.817,53.902,54.474,54.204,53.812,53.533,52.638,52.084,,,,,,,,
-14.91021583,-13.71985951,-9.369452492,-8.078516263,-5.23811006,-2.261627733,-0.939354033,0,1.675551551,2.514985686,5.267023163,6.971585903,7.883125395,,,,,,,,
,T1,L,D1L,,D1L,L,T1,,,,,,,,,,,,,
52.158,52.378,53.941,53.909,52.639,52.697,52.773,53.894,54.423,53.849,52.578,,,,,,,,,,
-17.77564682,-13.65856252,-12.16923124,-9.726667518,-8.327796167,-5.705779263,-2.54081424,-1.020628238,0,4.225966635,11.54746228,,,,,,,,,,
,,T1,L,D1L,,D1L,L,T1,,,,,,,,,,,,
52.788,53.808,53.813,52.66,52.641,52.767,53.948,54.287,54.611,54.093,53.67,,,,,,,,,,
-16.62125317,-11.32319412,-9.369405798,-8.163123973,-5.50815913,-2.328963933,-1.0589627,-0.290688837,0,5.50652749,8.25901459,,,,,,,,,,
,T1,L,D1L,,D1L,L,T1,,,,,,,,,,,,,
52.15,52.331,52.851,53.502,53.834,52.642,52.656,52.363,54.09,54.043,53.66,53.711,52.705,52.589,,,,,,,
-16.40100857,-15.12625879,-14.36640181,-10.34651874,-9.05577926,-7.942338258,-5.053640668,-2.199680204,0,2.470451983,3.29779684,5.948656487,7.901979625,8.988341449,,,,,,,
,,,T1,L,D1L,,D1L,L,T1,,,,,,,,,,,
52.507,52.647,53.856,53.87,52.736,52.691,52.716,53.889,54.743,54.463,53.933,53.813,52.676,52.717,,,,,,,
-17.19416203,-15.08785982,-13.68037923,-9.510560709,-8.361714238,-5.612416413,-2.666150971,-1.279497167,0,1.874045091,2.861447361,5.705482013,7.906212747,9.686480166,,,,,,,
,,T1,L,D1L,,D1L,L,T1,,,,,,,,,,,,
52.15,52.331,52.851,53.502,53.834,52.642,52.656,52.562,53.804,54.419,54.043,53.66,53.711,52.705,52.589,,,,,,
-16.57584257,-15.30774347,-14.55149119,-10.53192409,-9.242002651,-8.127005106,-5.230723563,-2.294215552,-0.930656757,0,2.303368838,3.126203608,5.766667062,7.719207019,8.806075006,,,,,,
,,,T1,L,D1L,,D1L,L,T1,,,,,,,,,,,
52.538,52.504,53.171,53.888,53.792,52.582,52.606,52.69,53.888,54.361,54.039,53.604,53.543,,,,,,,,
-15.93381025,-14.29163241,-13.43797046,-10.11761484,-9.135080733,-7.863735308,-5.430421439,-1.696296259,-0.666856806,0,2.402896793,3.576378056,5.524730763,,,,,,,,
,,,T1,L,D1L,,D1L,L,T1,,,,,,,,,,,
52,52.181,52.7,53.352,53.684,52.492,52.506,52.412,53.654,54.269,53.893,53.51,53.561,52.555,52.439,,,,,,
-16.57617776,-15.30874002,-14.55190355,-10.53231147,-9.24241581,-8.127784508,-5.231680801,-2.294232987,-0.931558909,0,2.303782325,3.125258549,5.766409021,7.718941961,8.805774128,,,,,,
,,,T1,L,D1L,,D1L,L,T1,,,,,,,,,,,
52.968,52.958,53.889,54.084,53.793,52.702,52.58,52.554,53.84,54.269,54.234,53.134,53.055,52.66,52.471,,,,,,
-16.11009587,-12.79435188,-11.9745668,-9.75999001,-9.242949853,-8.063344839,-5.033751086,-2.078218949,-0.807232928,0,2.115846167,2.885782563,5.688010637,6.066920554,6.956006973,,,,,,
,,,T1,L,D1L,,D1L,L,T1,,,,,,,,,,,
53.039,53.042,53.876,54.086,53.825,52.549,52.622,52.589,53.815,54.311,54.223,53.83,53.952,53.339,52.992,,,,,,
-16.03012364,-12.79082796,-11.77799393,-9.973094304,-9.282193383,-7.948086876,-5.225773914,-2.17193416,-0.697665392,0,2.676500701,3.380627161,4.853128063,6.173335646,7.639355012,,,,,,
,,,T1,L,D1L,,D1L,L,T1,,,,,,,,,,,
52.96,53.034,54.108,54.193,53.779,52.596,52.481,52.491,53.754,54.222,54.215,53.767,53.581,53.048,53.034,,,,,,
-15.64314153,-12.25095445,-10.89330092,-9.975711754,-9.040240759,-7.819674162,-5.13322686,-2.23889638,-0.783164095,0,2.696935298,3.386759218,4.249946,4.850217521,6.074084293,,,,,,
,,,T1,L,D1L,,D1L,L,T1,,,,,,,,,,,
52.971,53.011,53.881,54.066,53.819,52.583,52.512,52.604,53.775,54.406,54.103,53.292,53.371,53.1,53.045,,,,,,
-13.22088019,-12.77323863,-11.69679721,-9.946163984,-9.492325795,-7.963452831,-5.139095835,-2.304078341,-0.888740682,0,2.612084417,3.870546215,5.208655297,5.373669231,6.085826813,,,,,,
,,,T1,L,D1L,,D1L,L,T1,,,,,,,,,,,
53.233,53.483,53.831,54.013,53.672,52.491,52.441,52.454,53.687,54.43,53.952,52.842,52.925,53.316,53.314,52.898,52.9,,,,
-16.90501692,-14.76741908,-12.47930408,-11.15113542,-10.65825799,-9.41081611,-6.932371994,-3.739060024,-2.320983986,0,1.642701269,2.612426278,3.907873265,4.248189245,4.664845705,5.303755901,6.241730774,,,,
,,,T1,L,D1L,,D1L,L,T1,,,,,,,,,,,
52.968,52.973,53.778,53.575,52.135,52.175,52.376,53.595,54.026,53.796,52.842,52.903,53.083,52.912,52.9,,,,,,
-16.72492694,-12.83764566,-11.14590741,-8.073481653,-6.825249153,-5.002700471,-2.723499587,-1.129979204,0,2.171201741,2.719548859,3.322452407,3.599468433,3.651484355,4.261816514,,,,,,
,,T1,L,D1L,,D1L,L,T1,,,,,,,,,,,,
52.894,52.88,53.772,53.578,52.307,52.342,52.267,53.554,53.998,53.854,52.867,52.825,53.169,52.904,52.884,,,,,,
-15.36362265,-12.76224534,-10.47897156,-7.754061775,-6.594281235,-4.487209601,-2.15501833,-0.899549332,0,2.203824403,3.904268048,4.171839522,4.377347712,4.626255937,5.374949487,,,,,,
,,T1,L,D1L,,D1L,L,T1,,,,,,,,,,,,
52.752,52.691,53.736,53.557,52.409,52.311,52.282,53.568,53.913,53.619,52.898,52.819,,,,,,,,,
-13.62470704,-11.60281556,-10.72301394,-7.557835736,-6.326083307,-4.311287511,-2.005415917,-0.734098086,0,2.599970192,3.585739115,5.799211757,,,,,,,,,
,,T1,L,D1L,,D1L,L,T1,,,,,,,,,,,,
52.626,52.744,53.699,53.489,52.301,52.282,52.301,53.568,53.805,53.696,53.148,53.077,52.721,52.703,,,,,,,
-13.29634032,-12.27281956,-10.5428471,-7.771141743,-6.324643388,-4.69361023,-2.143657155,-0.834722109,0,0.69698924,1.33408433,4.215326797,4.525512679,5.978654196,,,,,,,
,,T1,L,D1L,,D1L,L,T1,,,,,,,,,,,,
52.631,52.624,53.63,53.584,52.245,52.275,52.29,53.55,53.816,53.749,53.265,52.929,52.648,,,,,,,,
-13.62888558,-12.22921527,-10.79173633,-7.738481311,-6.467323713,-4.139536327,-2.033508544,-0.777844457,0,0.639640523,1.593429633,4.420936213,7.147576092,,,,,,,,
,,T1,L,D1L,,D1L,L,T1,,,,,,,,,,,,
52.606,52.655,53.678,53.574,52.309,52.236,52.207,53.504,53.833,53.633,52.883,52.785,,,,,,,,,
-14.77667435,-13.03285203,-11.07887079,-7.882724465,-6.533617681,-4.403683117,-2.330254922,-0.804532162,0,0.467446254,1.422917075,4.668471377,,,,,,,,,
,,T1,L,D1L,,D1L,L,T1,,,,,,,,,,,,
52.518,52.602,53.641,53.431,52.469,52.304,52.261,53.537,53.682,53.48,52.811,52.543,,,,,,,,,
-13.79123029,-11.76486846,-10.21303814,-7.346004356,-6.163884246,-3.848649114,-1.765542693,-0.559432748,0,1.005487444,1.759454745,4.808924412,,,,,,,,,
,,T1,L,D1L,,D1L,L,T1,,,,,,,,,,,,
52.394,52.612,53.635,53.582,52.317,52.273,52.368,53.515,53.927,53.622,52.571,52.391,,,,,,,,,
-13.85126225,-11.98008222,-10.71750834,-7.876867525,-6.551378786,-4.24775941,-2.165207842,-0.891529584,0,0.826520417,1.9773682,5.591027902,,,,,,,,,
,,T1,L,D1L,,D1L,L,T1,,,,,,,,,,,,
52.332,52.687,53.473,53.498,52.258,52.216,52.259,53.491,53.904,53.533,52.922,52.715,,,,,,,,,
-14.66935462,-13.07791918,-10.73562951,-7.691661784,-6.390364778,-4.163326194,-2.055568048,-0.647991513,0,0.770623773,1.761150192,3.893161825,,,,,,,,,
,,T1,L,D1L,,D1L,L,T1,,,,,,,,,,,,
52.367,52.682,53.57,53.458,52.161,52.251,52.25,53.463,53.8,52.77,52.486,,,,,,,,,,
-13.98075091,-12.25921192,-10.413542,-7.572705329,-6.331959728,-4.283423864,-2.078264901,-0.687346346,0,2.346258511,6.343779473,,,,,,,,,,
,,T1,L,D1L,,D1L,L,T1,,,,,,,,,,,,
52.778,53.614,53.457,52.179,52.238,52.3,53.441,53.822,53.401,52.428,,,,,,,,,,,
-11.94576599,-10.06167193,-7.565158029,-6.106705331,-4.10710275,-1.955359813,-0.67257862,0,0.765010457,8.015650317,,,,,,,,,,,
,T1,L,D1L,,D1L,L,T1,,,,,,,,,,,,,
52.184,52.572,53.501,53.406,52.242,52.206,52.287,53.59,53.092,,,,,,,,,,,,
-14.25408759,-12.75415466,-10.39866304,-7.114773152,-5.897771528,-3.544993371,-1.511603453,0,2.640391827,,,,,,,,,,,,
,,T1,L,D1L,,D1L,L,T1,,,,,,,,,,,,
53.733,53.776,52.349,52.307,52.209,53.735,53.806,52.252,,,,,,,,,,,,,
-12.18126184,-7.659751563,-6.197270367,-4.343617157,-2.795586701,-0.925107561,0,3.192322822,,,,,,,,,,,,,
T1,L,D1L,L,D1L,L,T1,,,,,,,,,,,,,,
52.378,52.415,52.683,52.634,52.091,52.088,52.764,52.629,51.488,51.559,51.499,52.667,53.045,53.385,53.266,52.391,52.316,53.263,53.152,52.734,
-15.50398842,-14.77107511,-14.61771289,-14.07158403,-13.32695622,-12.88000547,-11.95530397,-6.646376005,-5.396835369,-3.643986004,-2.261717931,-0.946393681,-0.502871753,0,1.284122268,2.136099249,3.295505424,4.021703619,5.298185066,6.537416309,
,,,,,,T1,L,D1L,,D1L,L,T1,,L,,,L,,,
52.2,52.247,52.57,52.58,52.141,52.078,52.584,51.334,50.555,50.536,50.569,51.272,52.681,52.704,52.28,52.251,52.814,52.651,,,
-17.02766132,-16.0338303,-15.47975093,-14.85240132,-14.4988532,-13.63936897,-13.18607523,-7.049682617,-6.079791526,-4.611674859,-3.673948557,-2.818823868,0,1.091106319,1.596325781,2.306202506,2.872400564,4.237615485,,,
,,,,,,T1,L,D1L,,D1L,L,T1,,,,,,,,
51.836,51.958,52.372,52.49,52.064,52.007,52.328,51.273,50.611,50.564,50.568,51.345,52.493,52.187,52.11,52.537,52.383,,,,
-15.93872592,-15.39469649,-14.86788058,-14.10935151,-13.71337701,-12.78753068,-12.26500701,-6.613719755,-5.639035467,-4.450431889,-3.106311639,-2.219292004,0,2.13038987,2.828062941,3.076388304,4.174750052,,,,
,,,,,,T1,L,D1L,,D1L,L,T1,,,,,,,,
51.614,52.34,52.43,52.133,52.011,52.488,52.152,51.293,50.536,50.486,50.493,51.275,52.861,52.708,52.109,52.131,52.029,,,,
-16.19046772,-15.48456264,-14.9473688,-14.57255674,-13.64936354,-13.27546854,-7.992252811,-7.045681585,-6.167179258,-4.63245,-3.756506489,-2.723660955,0,1.176430617,1.828650048,2.355618177,4.450247858,,,,
,,,,,,T1,L,D1L,,D1L,L,T1,,,,,,,,
51.791,51.803,52.358,52.417,51.917,51.953,52.52,52.426,51.241,50.464,50.46,50.482,51.254,52.347,52.539,52.601,52.111,52.154,52.555,52.494,52.038
-16.17618552,-15.1275064,-14.27082261,-13.92153282,-13.53677587,-12.73352151,-12.23642779,-7.231456976,-5.895396509,-5.069738553,-3.995249804,-2.574143741,-1.796709214,-0.557474663,0,1.707799169,2.378307171,3.469866856,4.023153117,5.478266605,5.987263565
,,,,,,,T1,L,D1L,,D1L,L,T1,,,,,,,
52.023,52.115,52.322,52.232,51.884,51.918,52.584,52.355,51.11,50.406,50.405,50.402,51.059,52.22,52.469,52.517,52.107,52.762,52.762,52.494,52.038
-14.22787855,-13.84064988,-13.70301095,-13.39154214,-13.03375065,-11.92943469,-11.3437615,-6.977297543,-5.642231651,-4.999421266,-3.767955944,-2.604235972,-1.930629431,-0.372818991,0,2.060370112,2.744836061,4.577113173,4.577113173,5.478266605,5.987263565
,,,,,,,T1,L,D1L,L,D1L,L,T1,,,,,,,
51.788,51.965,51.586,51.713,52.498,51.808,50.953,50.119,50.126,50.134,50.888,51.992,52.274,52.351,51.801,51.759,52.135,52.114,52.762,,
-17.79600632,-16.03002807,-15.79422872,-15.02052849,-14.06001881,-9.983000451,-8.559538364,-7.816004094,-6.895671758,-5.39456634,-4.881066789,-3.308067714,0,1.879524408,2.802125622,3.698729782,3.956523979,3.976119213,4.577113173,,
,,,,,T1,L,D1L,,D1L,L,T1,,,,,,,,,
51.655,51.945,51.52,51.793,52.315,51.944,50.886,50.123,50.095,50.115,50.925,51.99,52.043,51.56,51.528,52.014,51.865,,,,
-16.38179187,-14.20243771,-13.15683917,-12.23730873,-11.84535588,-7.324430149,-5.799077513,-5.159171445,-4.028363067,-2.72661035,-2.058685502,0,2.554997065,3.144847532,3.783206708,4.249480086,5.533179375,,,,
,,,,,T1,L,D1L,,D1L,L,T1,,,,,,,,,
51.611,51.887,51.455,51.556,52.036,51.857,50.854,50.169,50.068,50.086,50.885,51.82,52.091,51.973,51.508,51.5,,,,,
-15.96120049,-13.74455037,-13.3264962,-12.17511975,-11.72231585,-7.616375253,-5.974833638,-5.469791678,-4.146750173,-2.975194279,-2.424161711,-0.829021713,0,2.510133861,3.427344453,4.025638086,,,,,
,,,,,T1,L,D1L,,D1L,L,T1,,,,,,,,,
51.707,52.344,51.69,51.747,52.29,52.041,51.019,50.157,50.154,50.25,50.968,52.012,52.232,51.642,51.179,51.287,51.707,51.721,51.297,51.2,
-16.89522196,-14.3505118,-13.81772677,-13.0424888,-12.42564719,-7.160690051,-6.000008333,-5.183862845,-4.269092761,-2.801687527,-2.288044798,-0.632469762,0,2.452801867,3.053737546,3.899337636,4.18024461,4.657061842,5.080003543,6.320182276,
,,,,,T1,L,D1L,,D1L,L,T1,,,,,,,,,
52.286,51.971,51.518,51.573,52.16,52.02,50.957,50.228,50.179,50.217,50.942,51.955,52.267,52.096,51.58,51.634,51.961,52.01,51.739,51.875,
-17.88522924,-13.08034499,-12.54391813,-12.03594471,-11.47968083,-7.295098697,-5.907260363,-5.200291242,-3.861037425,-2.488564446,-1.907205547,-0.488635856,0,2.334021422,3.047576086,3.672458032,4.121277714,4.58071621,4.80301041,5.7921313,
,,,,,T1,L,D1L,,D1L,L,T1,,,,,,,,,
51.966,51.63,51.705,52.222,51.934,50.986,50.091,50.094,50.134,50.913,51.906,52.258,52.171,51.435,51.38,51.736,,,,,
-13.23912705,-13.04103685,-12.40665003,-11.49708807,-7.1861537,-5.899992627,-5.014193056,-3.897215673,-2.663003004,-1.958001022,-0.485050513,0,1.878708067,2.725756408,3.237175466,3.582069374,,,,,
,,,,T1,L,D1L,,D1L,L,T1,,,,,,,,,,
51.522,52.14,51.76,51.724,52.143,52.089,50.979,50.331,50.298,50.289,51.045,52.124,52.233,52.071,51.535,51.511,51.731,51.829,,,
-15.17918157,-13.44178281,-13.25356303,-12.15829725,-11.78185575,-7.179439045,-5.762005293,-5.256853146,-3.895772581,-2.442789389,-2.051179661,-0.511769479,0,2.225313686,2.932590152,3.401037489,3.847311919,4.813799435,,,
,,,,,T1,L,D1L,,D1L,L,T1,,,,,,,,,
51.729,51.221,51.919,51.314,51.911,51.527,50.037,50.053,49.959,50.774,51.75,51.931,51.931,51.849,51.32,51.315,51.66,,,,
-14.57657796,-12.7791011,-12.77403812,-12.13349364,-11.85612213,-6.535766214,-4.782875495,-3.66887912,-2.130604609,-1.755964977,-0.405011111,0,0.070015427,1.63975608,2.354621838,2.832829328,3.276908604,,,,
,,,,T1,L,D1L,,D1L,L,T1,,,,,,,,,,
51.904,52.082,50.855,50.059,49.996,50.019,50.841,52.047,51.793,51.274,51.261,51.746,,,,,,,,,
-10.88727082,-6.732296636,-5.081405318,-4.279258113,-3.197427091,-1.982877959,-1.43862052,0,1.778190091,2.740026642,3.594390769,5.089567762,,,,,,,,,
J,T1,L,D1L,,D1L,L,T1,,,,,,,,,,,,,
51.858,51.878,51.862,50.86,50.043,50.032,49.976,50.905,51.919,51.554,,,,,,,,,,,
-16.83481645,-10.7689766,-6.663867421,-5.205213732,-4.546797224,-3.515167279,-2.192598915,-1.138852493,0,8.210093605,,,,,,,,,,,
,J,T1,L,D1L,,D1L,L,T1,,,,,,,,,,,,
51.637,51.5,51.429,50.709,49.924,49.906,50.009,50.853,51.426,51.623,51.342,51.016,50.972,51.288,51.617,,,,,,
-12.56008109,-9.904489891,-6.336427148,-5.216184813,-4.542314938,-2.890018166,-1.968466662,-0.960302557,-0.349841393,0,1.561451888,2.306587523,2.774548792,3.136733651,9.102235769,,,,,,
R,J,T1,L,D1L,,D1L,L,T1,,,,,,,,,,,,
51.33,51.398,51.383,51.223,51.102,49.894,49.817,49.839,51.119,51.17,51.205,51.482,51.495,51.18,,,,,,,
-13.6202388,-12.71493649,-9.625273659,-8.256074914,-8.013336883,-6.818216262,-5.492372893,-4.343491913,-3.163036516,-2.995126207,-1.360287102,0,0.0718401,1.018123765,,,,,,,
J,,J,J,T1,L,D1L,,D1L,L,T1,,,,,,,,,,
50.657,50.641,50.591,49.856,49.846,49.836,50.602,50.871,50.978,51.144,51.041,51.064,51.081,,,,,,,,
-9.329234749,-7.470167334,-6.929454379,-6.095771813,-4.785093939,-3.440241997,-2.743232035,-2.280274764,-1.030109218,0,1.050280439,4.038676145,5.668601415,,,,,,,,
,T1,L,D1L,,D1L,L,T1,,,,J,J,,,,,,,,
50.872,50.777,50.746,50.549,49.766,49.746,49.766,50.59,50.906,50.929,50.983,50.896,50.898,50.924,,,,,,,
-11.00868026,-9.495735095,-7.404053822,-6.888817968,-6.176761773,-4.935468873,-3.638647689,-2.806586895,-2.321398286,-1.273312609,0,1.180068642,3.87858995,5.564878525,,,,,,,
,,T1,L,D1L,,D1L,L,T1,,,,J,J,,,,,,,
50.592,50.564,50.782,50.564,49.734,49.676,49.696,50.562,50.783,50.759,51.06,51.023,50.792,50.815,50.839,,,,,,
-11.65856809,-9.508658633,-7.903747086,-7.449736438,-6.742130005,-5.427988394,-4.144067808,-3.316363219,-2.938634547,-1.307551146,-0.068680419,0,0.747869641,3.766300307,5.39038635,,,,,,
,,T1,L,D1L,,D1L,L,T1,,,,,J,J,,,,,,
50.637,50.755,50.603,49.759,49.79,49.786,50.573,50.642,50.697,50.993,51.023,50.757,50.788,50.847,,,,,,,
-9.596650301,-8.259617545,-7.878438551,-7.100369145,-5.559073664,-4.029246207,-3.246224268,-3.035249578,-1.302927473,-0.018248289,0,0.797020702,3.582092405,5.495022111,,,,,,,
R,T1,L,D1L,,D1L,L,T1,,,,,J,J,,,,,,,
50.641,50.581,50.468,50.445,49.654,49.68,49.654,50.501,50.541,50.57,50.878,50.831,50.678,50.703,50.674,,,,,,
-11.59556605,-9.257443977,-7.362414957,-6.877680786,-6.127342817,-4.821652518,-3.523943529,-2.691368611,-2.515513864,-1.23060351,0,0.065802735,1.054351934,4.104647366,5.821683605,,,,,,
,R,T1,L,D1L,,D1L,L,T1,,,,,J,J,,,,,,
50.528,50.537,50.419,49.584,49.543,49.546,50.447,50.487,50.529,50.651,50.511,50.572,50.616,,,,,,,,
-10.9635294,-7.254571593,-6.714873417,-6.055735298,-4.724379748,-3.5563134,-2.625785978,-2.466613265,-1.250968425,0,1.302649991,4.198941057,6.095384237,,,,,,,,
J,T1,L,D1L,,D1L,L,T1,,,,J,J,,,,,,,,
50.321,50.559,50.732,50.704,49.604,49.56,49.549,50.715,50.635,50.635,50.737,50.621,50.859,50.801,50.661,50.592,50.692,50.624,50.663,50.596,
-6.758965084,-6.328077275,-5.442426848,-5.357220641,-4.185106569,-2.986356475,-1.647166051,-0.514382153,0,0.270296134,0.952075627,1.662822901,2.442261452,2.973242338,3.479356981,3.982442718,6.234169472,6.775768739,7.927046424,8.462567282,
,,T1,L,D1L,,D1L,L,T1,L,L,,,,,,J,J,J,J,
50.46,50.522,50.441,50.383,49.586,49.544,49.582,50.316,50.667,50.609,50.721,50.84,50.664,50.65,50.698,,,,,,
-5.926043543,-5.305781458,-4.706311579,-4.530453761,-3.735970434,-2.392895083,-1.146875703,-0.348699125,0,0.127505608,1.500801613,3.396659489,4.123230976,6.891547104,8.612266919,,,,,,
,,T1,L,D1L,,D1L,L,T1,L,,R,,J,J,,,,,,
50.571,50.519,50.289,49.615,49.495,49.657,50.357,50.461,50.559,50.833,50.573,50.597,50.661,,,,,,,,
-8.121092784,-7.595974263,-7.338812233,-6.651730752,-5.285063954,-3.805640288,-3.082186886,-2.745367371,-1.172911335,0,1.259543171,4.005739008,6.047277817,,,,,,,,
,T1,L,D1L,,D1L,L,T1,,,,J,J,,,,,,,,
50.495,50.42,50.314,49.507,49.495,49.547,50.307,50.446,50.564,50.813,50.594,50.602,50.605,,,,,,,,
-8.986435667,-7.788523159,-7.540638965,-6.720204313,-5.420721447,-4.096106688,-3.341638072,-3.030418618,-1.52144438,0,1.220207359,4.377037925,6.15699935,,,,,,,,
,T1,L,D1L,,D1L,L,T1,,,,J,J,,,,,,,,
50.406,50.239,49.543,49.537,49.643,50.224,50.292,50.481,50.742,50.556,50.587,50.679,,,,,,,,,
-8.181003911,-7.739715369,-7.077282671,-5.610145274,-4.168893498,-3.58400014,-2.998308857,-1.187992003,0,1.204205962,4.108414901,6.082946079,,,,,,,,,
T1,L,D1L,,D1L,L,T1,,,,J,J,,,,,,,,,
50.338,50.346,50.262,49.425,49.436,49.496,50.189,50.434,50.379,50.627,50.714,50.725,50.84,,,,,,,,
-9.970005015,-7.719713531,-7.343029347,-6.68714857,-5.410660772,-3.93673329,-3.137558445,-2.718780976,-1.21656278,0,1.917460039,4.765587582,6.53488485,,,,,,,,
,T1,L,D1L,,D1L,L,T1,,,,J,J,,,,,,,,
50.721,50.569,50.54,49.459,49.445,49.415,50.386,50.4,50.75,50.644,50.674,50.584,,,,,,,,,
-11.27561905,-9.37023719,-8.73758462,-7.774020839,-6.33976293,-5.056179783,-3.971644496,-1.656113825,0,1.481254198,4.358355768,6.041012001,,,,,,,,,
R,T1,L,D1L,,D1L,L,T1,,,J,J,,,,,,,,,
50.212,50.185,49.33,49.371,49.357,50.155,50.482,50.516,50.923,50.674,50.767,50.748,50.786,50.786,,,,,,,
-10.27313876,-9.531388828,-8.891969917,-7.593830259,-6.345246095,-5.477138852,-4.972693937,-2.698379699,0,0.151267973,0.702755292,3.617530926,5.488530313,18.61406398,,,,,,,
T1,L,D1L,,D1L,L,T1,,,,,J,J,J,,,,,,,
50.346,50.225,50.454,50.262,50.163,49.373,49.406,49.415,50.029,50.497,50.568,50.834,50.828,50.823,,,,,,,
-2.840832448,-0.874874277,0,0.488544778,0.712632444,1.437632081,2.890895017,4.209110358,4.969850099,5.57236754,7.536878001,11.49828078,14.4828481,16.20636076,,,,,,,
,,,T1,L,D1L,,D1L,L,T1,,,J,J,,,,,,,
50.256,50.291,50.501,50.211,50.114,49.375,49.435,49.398,50.136,50.52,50.763,50.73,50.742,,,,,,,,
-2.848099191,-1.154033795,0,0.683371788,1.096431484,1.845102165,3.267132841,4.513116107,5.214910354,6.278982402,8.428767229,12.751008,15.442276,,,,,,,,
,R,,T1,L,D1L,,D1L,L,T1,,,J,,,,,,,,
50.329,50.594,50.145,50.044,49.343,49.302,49.355,50.046,50.149,50.313,50.334,50.334,,,,,,,,,
-1.197474426,0,0.72361592,1.212762961,1.85070392,3.336504308,4.683456522,5.322671509,5.546684505,7.53867024,11.33600018,13.82483128,,,,,,,,,
R,,T1,L,D1L,,D1L,L,T1,,,,,,,,,,,,
50.41,50.282,50.448,50.055,49.993,49.379,49.295,49.407,50,50.258,50.461,,,,,,,,,,
-2.597561356,-0.690513577,0,0.917281309,1.270023622,1.84860515,3.522708759,4.755299465,5.435398145,5.692707704,6.513624183,,,,,,,,,,
R,,T1,L,D1L,,D1L,L,T1,L,,,,,,,,,,,
50.15,50.297,49.934,49.922,49.329,49.292,49.296,49.93,50.042,50.126,50.172,,,,,,,,,,
-0.97781849,0,0.70133658,1.06737997,1.51669542,3.206270419,4.50213838,5.091487504,5.292827694,6.610116262,8.413393667,,,,,,,,,,
,,T1,L,D1L,,D1L,L,T1,,,,,,,,,,,,
50.223,49.92,49.257,49.24,49.172,49.907,50.01,50.285,50.129,49.824,,,,,,,,,,,
-5.818745569,-5.145349843,-4.570577644,-3.106055538,-1.854265623,-1.059020774,-0.677561805,0,0.993544161,4.993168332,,,,,,,,,,,
T1,L,D1L,,D1L,L,T1,,,,,,,,,,,,,,
49.929,49.875,49.373,49.18,49.211,49.899,50.071,50.367,50.159,49.708,,,,,,,,,,,
-5.626182098,-5.22088163,-4.711131605,-3.034749577,-1.766499362,-1.227297844,-0.690983357,0,0.647085775,5.105879944,,,,,,,,,,,
T1,L,D1L,,D1L,L,T1,,,,,,,,,,,,,,
50.09,50.448,49.155,49.244,49.192,50.506,50.596,50.066,49.917,,,,,,,,,,,,
-7.808615883,-6.320757312,-5.060923631,-3.638814368,-2.116934812,-0.773186912,0,0.955628066,1.93900851,,,,,,,,,,,,
T1,L,D1L,,D1L,L,T1,L,,,,,,,,,,,,,
49.858,49.831,50.052,49.87,49.822,49.225,49.162,49.191,49.793,49.82,,,,,,,,,,,
-2.213094892,-1.263538682,0,0.375485019,0.621614832,1.25531271,2.837161433,4.304239886,4.841676672,5.208459465,,,,,,,,,,,
,,,T1,L,D1L,,D1L,L,T1,,,,,,,,,,,
49.985,49.923,50.112,49.838,49.793,49.169,49.161,49.178,49.842,49.873,49.915,,,,,,,,,,
-1.937396191,-1.142874009,0,0.521075811,0.724430811,1.39755966,2.811402675,4.026570005,4.830895673,5.418044389,6.403648726,,,,,,,,,,
,,,T1,L,D1L,,D1L,L,T1,,,,,,,,,,,
49.75,49.78,50.077,49.847,49.8,49.125,49.057,49.083,49.918,49.806,,,,,,,,,,,
-3.255011214,-1.267946766,0,0.390663538,0.574780827,1.242710344,2.699712947,4.093479815,5.094418612,6.024289253,,,,,,,,,,,
,R,,T1,L,D1L,,D1L,L,T1,,,,,,,,,,,
49.458,49.726,49.692,49.763,49.797,48.947,48.896,48.968,49.784,49.845,49.795,49.497,49.506,49.539,,,,,,,
-2.524997624,0,0.722077558,1.15283867,1.392047772,2.203423018,3.615810421,4.836346658,5.640959138,5.871211544,7.061986264,10.97713282,13.88014366,14.88434218,,,,,,,
,,R,T1,L,D1L,,D1L,L,T1,,,J,J,,,,,,,
50.128,,,,,,,,,,,,,,,,,,,,
0,,,,,,,,,,,,,,,,,,,,
,,,,,,,,,,,,,,,,,,,,
49.811,49.793,50.048,49.787,49.689,48.955,48.91,48.967,49.664,49.731,49.697,49.511,49.522,49.278,,,,,,,
-2.829178327,-1.045500837,0,0.491854652,0.763080598,1.391319517,2.998677041,4.201934078,4.886707275,5.211886798,6.128653114,9.828485132,12.55445108,15.228134,,,,,,,
,R,,T1,L,D1L,,D1L,L,T1,,,J,J,,,,,,,
50.024,50.002,50.211,50.085,50.14,48.793,48.828,48.828,50.122,50.149,49.969,49.917,49.816,,,,,,,,
-2.890256909,-0.795201232,0,0.386120448,0.694769746,2.044000979,3.352370057,4.495658017,5.779028379,7.870972621,10.21048491,13.27665383,15.40475203,,,,,,,,
,R,,T1,L,D1L,,D1L,L,T1,,J,J,,,,,,,,
49.56,49.896,49.763,49.752,49.648,48.968,48.879,48.947,49.594,49.793,49.763,49.763,49.773,49.66,,,,,,,
-0.454859318,0,2.149344087,3.445626939,3.753188778,4.380756556,6.053999175,7.280561105,7.9175075,8.245594339,9.343866277,12.74916017,15.67978093,18.18042555,,,,,,,
,,R,T1,L,D1L,,D1L,L,T1,,,J,J,,,,,,,
49.603,49.695,50.044,49.713,49.623,49.024,48.888,49.025,49.584,49.637,49.678,49.699,49.654,,,,,,,,
-3.126593195,-1.258286533,0,0.713986694,1.062548351,1.566472789,3.111498835,4.506311684,5.14858835,6.789315208,9.877976361,12.818473,14.68434435,,,,,,,,
,,,T1,L,D1L,,D1L,L,T1,,J,J,,,,,,,,
49.37,49.621,49.912,49.606,49.559,48.929,48.821,48.855,49.562,49.818,49.745,49.682,49.606,49.619,49.57,,,,,,
-3.540533575,-0.632924956,0,0.428043222,0.653027564,1.349994074,2.617303192,4.164491806,4.821656251,5.359766879,5.393277019,6.932343471,9.940386311,12.89629392,15.11381808,,,,,,
,R,,T1,L,D1L,,D1L,L,T1,L,,,J,J,,,,,,
49.512,49.685,49.911,49.632,49.61,48.893,48.823,48.904,49.581,49.762,49.753,49.483,49.509,49.543,,,,,,,
-3.442471932,-0.938706558,0,0.313823198,0.475394572,1.068209716,2.591117133,4.13883184,4.738967398,5.056614677,6.254467283,10.16765288,13.08012722,15.41187659,,,,,,,
,R,,T1,L,D1L,,D1L,L,T1,,,J,J,,,,,,,
49.058,49.62,49.706,49.59,48.814,48.763,48.821,49.527,49.635,49.872,49.684,49.329,49.372,49.358,,,,,,,
-9.440316096,-5.763963654,-4.956569983,-4.752643896,-4.090734042,-2.718570212,-1.408393411,-0.6719561,-0.547982664,0,0.997476817,5.148435102,8.069517582,10.30242831,,,,,,,
,R,T1,L,D1L,,D1L,L,T1,,,,J,J,,,,,,,
48.325,49.63,49.908,49.651,49.552,48.848,48.749,48.727,49.47,49.602,49.628,49.253,49.277,49.231,,,,,,,
-7.517128773,-0.649261888,0,0.387882714,0.633448498,1.223635567,2.880508636,4.129660761,4.876472496,5.30190579,6.429620285,11.09134442,14.06966258,16.48804188,,,,,,,
,,,T1,L,D1L,,D1L,L,T1,,,J,J,,,,,,,
48.291,49.134,49.615,49.506,49.495,48.682,48.73,48.714,49.525,49.601,49.601,49.18,49.277,49.296,,,,,,,
-2.335075588,-0.611772016,0,0.67172018,0.860444652,1.848742815,3.030004126,4.298348752,5.165055276,5.448102789,6.609995007,12.17364239,15.10304251,17.60350718,,,,,,,
,,,T1,L,D1L,,D1L,L,T1,,,J,J,,,,,,,
48.907,49.371,49.733,49.479,49.405,48.72,48.691,48.766,49.459,49.581,49.573,49.197,49.294,49.28,,,,,,,
-1.831359331,-0.7853235,0,0.331058907,0.522455739,1.194470594,2.741796491,4.082376391,4.782499137,5.146566719,6.130791874,12.57655219,15.48205881,17.43924818,,,,,,,
,,,T1,L,D1L,,D1L,L,T1,,,J,J,,,,,,,
49.266,49.579,49.907,49.547,49.43,48.641,48.614,48.507,49.38,49.517,,,,,,,,,,,
-3.064037369,-0.780400538,0,0.516551063,0.587401907,1.258263089,2.818089602,3.905440564,4.776248946,5.073351521,,,,,,,,,,,
J,R,,T1,L,D1L,,D1L,L,T1,,,,,,,,,,,
49.017,49.488,49.679,49.808,49.669,48.679,48.572,48.614,49.645,49.794,49.825,,,,,,,,,,
-6.950404665,-3.813540744,-0.318147764,0,0.418374234,1.228554027,2.665568606,3.8629679,4.890718658,7.112940601,10.43125673,,,,,,,,,,
,,J,T1,L,D1L,,D1L,L,T1,,,,,,,,,,,
48.52,48.889,48.237,49.262,48.91,48.781,48.118,49.201,48.997,48.885,49.369,49.198,48.653,48.134,49.68,48.108,49.766,,,,
-10.82577267,-9.600229684,-8.392291939,-4.64304749,-4.115316025,-3.423393784,-2.508179419,-1.7310751,-0.61929153,-1.059004248,0,7.288001096,2.684009129,1.676233873,4.403209966,3.264908114,6.258618699,,,,
,,T1,L,D1L,,D1L,L,T1,L,,,,A,,L,J,,,,
49.129,49.183,48.84,47.928,47.997,48.054,48.815,49.022,49.376,49.26,48.797,48.741,49.342,49.36,,,,,,,
-7.380351212,-4.722095299,-4.221074035,-3.336003748,-2.598062356,-1.969030727,-1.079567506,-0.588143691,0,1.947367711,2.29406822,3.516638308,3.949234102,5.450408057,,,,,,,
,T1,L,D1L,L,D1L,,T1,,,,,,J,,,,,,,
48.776,48.592,48.19,48.952,49.103,48.753,47.964,47.984,47.984,48.762,49.029,49.388,49.08,48.763,48.695,49.25,49.269,,,,
-11.53807284,-11.13700112,-9.798431916,-8.097316345,-5.348206521,-4.486178329,-3.55113531,-2.779831829,-2.039335675,-1.265519655,-0.675089623,0,1.81757861,2.313616434,3.393286607,3.950722718,5.998821551,,,,
,,,,T1,L,D1L,,D1L,L,T1,,,,,,J,,,,
48.413,48.603,49.216,49.201,48.785,47.957,47.942,47.962,48.764,49.003,49.342,49.329,49.15,48.769,48.602,49.115,48.959,,,,
-10.23838684,-9.363461007,-8.066453249,-4.91077275,-4.314959677,-3.515638492,-2.722004593,-2.003553343,-1.164034794,-0.602754511,-0.013928389,0,1.77046011,2.157677687,3.218488,3.910958579,6.061699431,,,,
,,,T1,L,D1L,,D1L,L,T1,,,,,,,J,,,,
48.864,48.332,48.298,49.022,49.046,48.887,48.605,47.808,47.817,47.797,48.57,48.925,49.362,49.177,48.514,48.56,49.046,49.05,,,
-11.55531505,-10.6779011,-9.672378456,-8.389270529,-5.735028247,-5.182852496,-4.670465715,-3.747734248,-3.008791285,-2.20939924,-1.483468908,-0.660875177,0,1.158818794,1.842805741,2.840093132,3.370997478,5.369414308,,,
,,,,J,T1,L,D1L,,D1L,L,T1,,,,,,J,,,
48.808,48.267,48.268,49.008,48.698,48.523,47.82,47.818,48.101,48.528,48.747,49.126,49.026,48.979,48.461,48.481,49.043,49.064,,,
-10.22233417,-9.581221843,-8.861176558,-7.676553914,-4.10718602,-3.820092145,-2.921847362,-2.101285558,-1.29142557,-0.568510335,-0.128549602,0,0.333995509,2.508698866,2.942049116,3.69384488,4.34444588,6.595486033,,,
,,,,T1,L,D1L,,D1L,L,T1,,J,,,,,J,,,
48.691,48.318,48.331,49.038,48.946,48.564,47.804,47.844,47.808,48.566,49.011,49.339,49.082,48.585,48.614,49.161,49.112,48.403,,,
-10.13137108,-9.631946897,-8.803433535,-7.963906706,-4.989681053,-4.454085878,-3.550424342,-2.808240019,-1.961575898,-1.199215161,-0.54426556,0,0.767876292,1.47241638,2.310044372,3.229326864,5.089012969,5.878289292,,,
,,,,T1,L,D1L,,D1L,L,T1,,,,,,J,J,,,
49.028,48.997,49.048,48.901,48.533,47.82,47.756,47.796,48.52,49.08,49.596,49.594,49.347,48.574,48.462,49.233,49.137,48.507,,,
-11.53719398,-9.738692418,-8.093538473,-5.044748656,-4.468523358,-3.630128649,-2.884740717,-2.109533836,-1.316248077,-0.644884487,-0.090796476,0,0.823298852,1.986422412,2.753732375,4.019905097,5.748593306,6.698766527,,,
,R,,T1,L,D1L,,D1L,L,T1,,,,,,,J,J,,,
48.921,48.118,48.298,48.922,48.897,48.46,47.741,47.709,47.696,48.487,49.379,49.623,49.609,49.367,48.566,48.494,49.211,49.187,48.475,,
-11.03643511,-10.10057627,-9.377531125,-8.49377678,-4.999999299,-4.396895382,-3.632406365,-2.898828729,-2.12380531,-1.306049386,-0.795201232,-0.755368652,0,1.146009599,1.897674366,3.136581738,3.608475718,5.421639051,7.298739754,,
,,,,T1,L,D1L,,D1L,L,T1,,,,,,,J,J,,
48.365,48.816,48.023,48.191,48.771,48.768,48.377,47.749,47.646,47.632,48.376,49.071,49.243,49.082,48.536,48.439,48.978,,,,
-12.44173963,-11.51928457,-10.88984375,-9.806151947,-9.025872257,-4.547405085,-4.183960087,-3.414944362,-2.467080258,-1.646428863,-0.980809869,-0.493082144,0,0.805705901,1.413815405,2.449367469,2.869711657,,,,
,,,,,T1,L,D1L,,D1L,L,T1,,,,,,,,,
48.089,48.519,47.915,47.904,48.694,48.686,48.38,47.635,47.655,47.717,48.383,49.017,49.335,49.369,49.233,48.364,48.352,48.892,,,
-12.10797861,-11.20527309,-10.55365273,-9.89313181,-9.055695445,-5.78477493,-5.245980271,-4.171402882,-3.580725206,-2.595631137,-1.899181402,-1.006999999,-0.412043686,0,1.243694898,2.097179058,2.904210047,3.340464938,,,
,,,,,T1,L,D1L,,D1L,L,T1,,,,,,,,,
47.887,48.401,47.783,47.919,48.675,48.759,48.386,47.735,47.679,47.675,48.359,48.802,49.042,48.829,48.243,48.267,48.915,,,,
-11.2117578,-10.52826605,-10.05295524,-9.184936635,-8.333620162,-4.745769589,-4.30438869,-3.601310455,-2.607387389,-1.828773633,-1.051863584,-0.473245179,0,1.293111752,1.769485801,2.69685465,3.375305912,,,,
,,,,,T1,L,D1L,,D1L,L,T1,,,,,,,,,
47.985,48.359,47.868,47.753,48.5,48.68,48.379,47.618,47.588,47.586,48.35,48.877,49.285,49.284,48.997,48.386,48.46,49.143,49.099,48.435,
-11.62090035,-11.13651691,-10.59807313,-10.31167668,-9.108703585,-5.063041181,-4.649045601,-3.564137061,-2.922668986,-2.161843888,-1.35684966,-0.817861846,-0.127318499,0,0.444567206,1.249624344,2.037973994,3.041213574,5.145110688,6.698941409,
,,,,,T1,L,D1L,,D1L,L,T1,,,,,,,J,J,
47.99,47.506,47.637,48.385,48.68,48.297,47.514,47.512,47.482,48.33,48.714,49.13,49.145,48.874,47.941,48.058,48.932,48.932,48.516,,
-11.36399716,-10.59952867,-9.785153552,-8.760842426,-5.496284199,-4.902277022,-4.024379828,-3.266448377,-2.600886195,-1.763002269,-1.2147119,-0.117630778,0,0.18317478,1.175069785,1.857315267,3.19012727,5.004882915,6.526366907,,
,,,,T1,L,D1L,,D1L,L,T1,,,,,,,J,J,,
48.11,48.464,48.813,48.428,48.283,47.607,47.578,47.538,48.295,48.604,48.656,47.787,47.811,48.682,48.718,48.538,,,,,
-3.439148732,-2.364352978,0,0.586685606,0.900093883,1.710615385,2.424637085,3.310754596,4.139402129,4.537933669,5.896594356,7.033272708,7.440871454,9.233407443,11.07612193,12.5376148,,,,,
,,,T1,L,D1L,,D1L,L,T1,,,,,J,J,,,,,
47.775,48.549,48.943,48.71,48.728,47.538,47.542,47.561,48.747,48.758,47.972,47.938,48.174,,,,,,,,
-3.080438442,-1.988933886,0,0.448295661,0.520765783,1.797412028,2.741652787,3.530145889,4.735785574,6.319580444,7.249473637,7.795025658,8.395952893,,,,,,,,
,,,T1,L,D1L,,D1L,L,T1,,,,,,,,,,,
48.055,48.445,48.881,48.871,48.583,48.283,47.469,47.492,47.491,48.246,48.514,48.5,47.858,,,,,,,,
-3.225762854,-2.520200785,-0.09486833,0,0.21375921,0.559014311,1.668691704,2.387204432,2.874316616,3.852047897,4.33466054,6.19573087,6.602531711,,,,,,,,
,,,B4.175,T1,L,D1L,,D1L,L,T1,,,,,,,,,,
48.285,47.905,47.975,48.526,48.681,48.49,48.255,47.436,47.307,47.314,48.233,48.459,48.4,47.865,47.8,48.107,,,,,
-5.620836415,-5.158344405,-4.483071268,-3.351142193,0,0.387624818,0.730564849,1.586393394,2.370814417,3.041665334,3.930426185,4.338215878,5.528839662,6.223313586,6.811806882,7.445234315,,,,,
,,,,,T1,L,D1L,,D1L,L,T1,,,,,,,,,
47.933,48.523,48.717,48.73,48.546,48.281,47.343,47.39,47.343,48.223,48.474,48.54,47.808,47.766,48.174,,,,,,
-3.756177965,-1.892787622,0,0.569728392,0.580817527,0.981969959,1.88635336,2.617914627,3.225631876,4.13409845,4.667690006,5.88025212,6.658791256,7.241396895,7.79578758,,,,,,
,,,,,T1,L,D1L,,D1L,L,T1,,,,,,,,,
47.683,48.533,48.695,48.7,48.479,48.242,47.314,47.238,47.218,48.2,48.392,48.442,48.039,47.781,48.259,,,,,,
-3.574367777,-2.094811209,0,0.217830209,0.693541635,1.020788421,1.916675507,2.682566867,3.322795961,4.244231144,4.533484862,5.522831158,6.476377074,7.100026267,7.479609949,,,,,,
,,,,T1,L,D1L,,D1L,L,T1,,,,,,,,,,
47.503,47.859,48.43,48.595,48.601,48.427,48.144,47.278,47.265,47.288,48.185,48.421,48.479,47.745,47.668,48.078,,,,,
-4.460999215,-3.169928233,-1.566456192,0,0.39573855,0.723481859,1.101450407,2.036115173,2.842950931,3.415824937,4.312501942,4.827954121,6.094171395,6.99420746,7.730236736,8.197191287,,,,,
,,,,,T1,L,D1L,,D1L,L,T1,,,,,,,,,
47.471,48.307,48.575,48.308,48.149,47.23,47.237,47.27,48.121,48.288,48.33,47.643,47.576,47.881,,,,,,,
-4.904775734,-2.46444091,0,0.507663274,0.712377709,1.504098401,2.319686617,3.179279321,3.897078393,4.281280649,5.877419927,6.666077107,7.174322267,7.547984367,,,,,,,
,,,T1,L,D1L,L,D1L,,T1,,,,,,,,,,,
47.721,47.664,47.679,48.046,48.507,48.402,48.49,47.33,47.308,47.33,48.502,48.261,47.625,47.576,47.754,,,,,,
-4.680340265,-4.210484176,-3.573538862,-3.057165027,0,0.609261848,0.90880636,2.181306948,2.910198791,3.848387325,5.058439483,6.802582818,7.629202842,8.45611477,8.862186299,,,,,,
,,,,,T1,L,D1L,,D1L,L,T1,,,,,,,,,
47.985,48.201,48.49,48.479,48.29,48.094,47.23,47.244,47.256,48.072,48.203,48.18,47.672,47.587,47.849,,,,,,
-3.268629835,-2.296036803,-0.046518813,0,0.378841656,0.816296515,1.659127783,2.413401127,3.140728896,3.887515016,4.205550618,5.335338883,6.143807451,6.593114135,7.302872106,,,,,,
,,,,T1,L,D1L,,D1L,L,T1,,,,,,,,,,
48.059,48.247,48.426,48.424,48.204,48.044,47.254,47.178,47.186,48.035,48.192,48.193,47.603,47.603,47.883,,,,,,
-2.853371515,-1.86300671,-0.04428318,0,0.254031494,0.548687525,1.350651694,2.194166129,2.929232152,3.736715135,4.084139322,5.218180717,5.888476204,6.457015177,7.090070874,,,,,,
,,,,T1,L,D1L,,D1L,L,T1,,,,,,,,,,
47.718,47.785,48.159,48.322,48.104,48.009,47.098,47.057,47.156,47.98,47.962,47.459,47.527,47.912,,,,,,,
-6.434754152,-3.211796538,-2.112221579,0,0.405513255,0.621350948,1.507124746,2.297078579,3.123345162,3.837865162,5.303564933,6.361039616,7.1674515,7.813389597,,,,,,,
,,,,T1,L,D1L,,D1L,L,T1,,,,,,,,,,
48.353,48.139,48.292,48.283,48.14,47.989,47.129,47.077,47.087,47.958,48.104,48.116,47.418,47.341,47.708,,,,,,
-1.9349677,-1.415127203,-0.025079872,0,0.181573676,0.452039821,1.418350098,2.131577819,2.712270267,3.674244412,4.036239091,5.435329337,6.244758602,6.972434438,7.385400802,,,,,,
J,,,,T1,L,D1L,,D1L,L,T1,,,,,,,,,,
47.679,48.009,48.231,48.054,47.978,47.13,47.115,47.085,47.921,48.029,47.916,47.384,47.327,47.632,,,,,,,
-2.987189314,-2.216668897,0,0.480208288,0.754053712,1.732039549,2.549115925,3.459279838,4.180947381,4.540948139,5.857817426,6.734919821,7.701441423,8.071899715,,,,,,,
,,,T1,L,D1L,,D1L,L,T1,,,,,,,,,,,
47.926,47.914,48.098,47.914,47.844,47.175,47.084,47.025,47.891,48.012,48.012,47.31,,,,,,,,,
-2.618566211,-1.566739927,0,0.393395475,0.653342177,1.304522135,2.308346594,3.149067798,3.950113922,4.283406355,6.053555402,6.762669591,,,,,,,,,
,,,T1,L,D1L,,D1L,L,T1,,,,,,,,,,,
47.992,47.966,48.095,47.914,47.836,47.123,47.17,47.099,47.915,47.966,47.939,47.357,,,,,,,,,
-2.186879055,-1.17628653,0,0.354361397,0.548044706,1.37388573,2.178146919,2.945608596,3.80736812,3.942430849,5.299118606,7.555192188,,,,,,,,,
,,,T1,L,D1L,,D1L,L,T1,,,,,,,,,,,
48.006,48.222,48.21,47.891,47.83,47.116,47.102,47.142,47.782,47.974,47.98,47.652,,,,,,,,,
-2.186879055,-1.17628653,0,0.354361397,0.548044706,1.37388573,2.178146919,2.945608596,3.80736812,3.942430849,5.299118606,7.555192188,,,,,,,,,
,,,T1,L,D1L,,D1L,L,T1,,,,,,,,,,,
47.957,47.958,48.177,48.197,47.953,47.78,47.058,47.025,46.984,47.76,47.908,47.873,47.71,,,,,,,,
-2.426531063,-1.673255808,-0.114017543,0,0.146372812,0.486082298,1.171410261,2.171123442,2.848935591,3.663791752,3.883313276,5.258113825,6.413105098,,,,,,,,
,,,,T1,L,D1L,,D1L,L,T1,,,,,,,,,,
47.751,47.99,48.246,47.963,47.804,47.026,46.961,46.998,47.805,47.964,47.97,47.714,,,,,,,,,
-2.922991789,-1.575926712,0,0.472781133,0.669794745,1.520969756,2.316613045,3.182040226,3.954851451,4.258553041,5.881110184,8.872981461,,,,,,,,,
,,,T1,L,D1L,,D1L,L,T1,,,,,,,,,,,
47.445,47.376,47.372,48.011,48.14,48.134,47.957,47.752,46.872,46.856,46.935,47.756,47.874,47.855,,,,,,,
-5.939965825,-5.795942891,-5.226682696,-3.548712724,-0.145691455,0,0.209308385,0.559601644,1.392035919,2.153162557,2.862706761,3.55149011,3.770297601,6.581547082,,,,,,,
,,,,,,T1,L,D1L,,D1L,L,T1,,,,,,,,
47.37,47.026,47.271,47.775,48.039,47.805,47.697,46.865,46.871,46.866,47.7,47.759,47.697,,,,,,,,
-5.188351954,-4.51954865,-3.663313391,-3.021592957,0,0.412082516,0.623618473,1.536971698,2.297241172,3.096332185,3.817080036,4.001962019,7.345527074,,,,,,,,
,,,,,T1,L,D1L,,D1L,L,T1,,,,,,,,,
47.256,46.997,46.999,47.764,47.974,47.988,47.844,47.675,46.769,46.74,46.795,47.664,47.839,47.763,,,,,,,
-4.790719048,-4.334116403,-3.832934254,-2.37603388,0,0.055542776,0.540607067,0.809604842,1.63233575,2.429439853,3.037857469,3.972471397,4.24146826,7.83228581,,,,,,,
J,,,,,,T1,L,D1L,,D1L,L,T1,,,,,,,,
47.044,46.768,46.978,47.587,47.792,47.646,47.585,46.702,46.686,46.707,47.569,47.497,,,,,,,,,
-5.287843133,-4.892126429,-4.169215394,-2.810155868,0,0.446162527,0.612921692,1.544958576,2.347681622,2.989824075,3.898160079,6.978601938,,,,,,,,,
,,,,,T1,L,D1L,,D1L,L,T1,,,,,,,,,
47.162,47.564,47.681,47.703,47.6,47.543,46.639,46.708,46.723,47.538,47.552,47.499,,,,,,,,,
-3.628114938,-2.736383927,0,0.133794619,0.274641585,0.583493788,1.559054201,2.379632114,3.19954028,3.974675962,4.091588078,6.864891842,,,,,,,,,
,,,,T1,L,D1L,,D1L,L,T1,,,,,,,,,,
47.09,46.884,46.84,47.201,47.662,47.507,47.454,46.618,46.623,46.626,47.442,47.368,,,,,,,,,
-6.6,-5.5,-4.8,-4.1,0,0.3,0.6,1.5,2.2,2.9,3.7,6.3,,,,,,,,,
,,,,,T1,L,D1L,,D1L,L,T1,,,,,,,,,
47.078,46.779,46.753,47.438,47.652,47.643,47.626,47.435,46.683,46.629,46.602,47.394,47.562,47.691,,,,,,,
-5.5,-4.9,-4.2,-3.3,-0.1,0,0.2,0.7,1.5,2.4,3.2,3.8,4.1,7.617077261,,,,,,,
,,,,R,,T1,L,D1L,,D1L,L,T1,,,,,,,,
47.262,47.418,47.705,47.56,47.39,46.586,46.586,46.609,47.417,47.448,47.302,,,,,,,,,,
-5.395703661,-3.675831607,0,0.473431093,0.754230734,1.674756699,2.353963891,3.079908115,3.901655546,4.129351765,6.159015668,,,,,,,,,,
,,,T1,L,D1L,,D1L,L,T1,,,,,,,,,,,
46.574,46.735,46.703,47.401,47.689,47.491,47.371,46.539,46.529,46.575,47.376,47.327,,,,,,,,,
-6.044763436,-4.881937525,-4.325239531,-3.570688029,0,0.615763754,0.835489078,1.785986562,2.487746972,3.264000613,4.084719084,5.331089945,,,,,,,,,
,,,,,T1,L,D1L,,D1L,L,T1,,,,,,,,,
47.119,46.685,46.694,47.089,47.601,47.361,47.352,46.577,46.566,46.575,47.308,47.262,,,,,,,,,
-6.2736326,-4.90313308,-4.435426924,-3.525801044,0,0.419297031,0.705538801,1.488496221,2.269988987,3.074036597,3.894828622,6.507320262,,,,,,,,,
,,,,,T1,L,D1L,,D1L,L,T1,,,,,,,,,
47.332,47.476,47.612,47.48,47.435,46.658,46.587,46.636,47.438,47.474,47.442,46.998,,,,,,,,,
-4.529464648,-2.764467399,0,0.289067466,0.536772764,1.440758828,2.252705263,2.858526369,3.626480388,3.87501742,5.045088305,8.318708374,,,,,,,,,
,,,T1,L,D1L,,D1L,L,T1,,,,,,,,,,,
47.078,46.909,47.021,47.247,47.591,47.46,47.417,46.683,46.711,46.709,47.413,47.442,47.421,47.182,,,,,,,
0,1.060077828,1.903727396,2.593561644,6.041637609,6.405380941,6.723097054,7.562929922,8.443658272,9.072548705,9.932063482,10.1010742,10.91686475,12.21311283,,,,,,,
,,,,,T1,L,D1L,,D1L,L,T1,,,,,,,,,
46.86,47.091,47.426,47.266,47.21,46.453,46.371,46.495,47.196,47.356,47.351,,,,,,,,,,
-6.023190018,-4.102612095,0,0.230106497,0.366946863,1.28528635,2.178656696,3.083580387,3.695977543,4.10400597,5.464849952,,,,,,,,,,
,,,T1,L,D1L,,D1L,L,T1,,,,,,,,,,,
46.857,47.26,47.418,47.287,47.146,46.4,46.402,46.459,47.145,47.051,,,,,,,,,,,
-4.218940744,-3.250726842,0,0.26346347,0.651989264,1.516047492,2.323029272,3.135664523,3.887914865,5.487650225,,,,,,,,,,,
,,,T1,L,D1L,,D1L,L,T1,,,,,,,,,,,
46.936,47.296,47.553,47.407,47.146,46.391,46.408,46.45,47.149,47.265,47.258,,,,,,,,,,
-5.044587,-2.807504586,0,0.951544534,1.358667362,2.218341723,2.996121659,3.988958385,4.542027961,4.757547793,6.485412631,,,,,,,,,,
,,,T1,L,D1L,,D1L,L,T1,,,,,,,,,,,
47.101,47.49,47.615,47.615,47.616,47.435,47.167,46.406,46.352,46.377,47.097,47.267,47.252,46.974,,,,,,,
-4.904607324,-3.533842385,-0.070519501,-0.036138622,0,0.375554257,0.765284914,1.621678452,2.467716556,3.280380008,3.966084845,4.309253416,5.391816484,6.699634915,,,,,,,
,,,,,T1,L,D1L,,D1L,L,T1,,,,,,,,,
46.466,47.376,47.607,47.378,47.09,46.286,46.268,46.316,47.047,47.245,47.262,46.709,,,,,,,,,
-5.599805801,-2.760816003,0,0.583336952,0.91194956,1.787215152,2.542523353,3.533080808,4.173182239,4.684982924,5.887033208,7.963750498,,,,,,,,,
,,,T1,L,D1L,,D1L,L,T1,,,,,,,,,,,
46.934,47.318,47.61,47.283,47.037,46.252,46.233,46.223,47.058,47.142,47.135,46.922,,,,,,,,,
-5.574146123,-3.284554917,0,0.636013364,0.924794572,1.844083783,2.65875027,3.563217787,4.221097606,4.340731966,5.415427591,7.591880531,,,,,,,,,
,,,T1,L,D1L,,D1L,L,T1,,,,,,,,,,,
46.46,47.264,47.57,47.568,47.397,46.995,46.194,46.142,46.344,46.969,47.173,47.274,,,,,,,,,
-3.951559186,-2.948323252,-0.092574295,0,0.327771262,0.931281375,1.791723193,2.723879586,3.550749358,4.168225042,4.585364762,5.967449036,,,,,,,,,
,,,,T1,L,D1L,,D1L,L,T1,,,,,,,,,,
47.47,47.255,46.982,46.065,46.073,46.089,46.929,47.03,47.039,46.836,,,,,,,,,,,
0,0.600846902,0.858408411,1.82189407,2.76168445,3.412352268,4.169418305,4.29652534,5.636670116,8.189274205,,,,,,,,,,,
,T1,L,D1L,,D1L,L,T1,,,,,,,,,,,,,
46.871,47.099,47.358,47.158,46.943,46.107,46.1,46.16,46.946,46.935,46.83,,,,,,,,,,
-3.53832656,-1.081422058,0,0.627976114,0.958541079,1.888229065,2.697485125,3.491573427,4.212080246,4.444027115,8.015533482,,,,,,,,,,
,,,T1,L,D1L,,D1L,L,T1,,,,,,,,,,,
46.818,47.029,47.263,47.269,47.125,46.878,46.077,46.094,46.08,46.908,46.895,46.699,,,,,,,,,
-3.597650622,-2.085921619,-0.041677332,0,0.457223141,0.895064244,1.765082718,2.646091457,3.437241045,4.151165258,5.313929243,7.096013599,,,,,,,,,
,,,,T1,L,D1L,,D1L,L,T1,,,,,,,,,,
47.074,47.269,47.107,46.927,46.192,46.114,46.121,46.925,46.999,46.954,46.669,,,,,,,,,,
-2.598596736,0,0.655368599,0.884751943,1.676893855,2.51497992,3.37089454,4.140418457,4.365373982,5.369376314,7.936525247,,,,,,,,,,
,,T1,L,D1L,,D1L,L,T1,,,,,,,,,,,,
47.113,47.155,47.077,46.948,46.908,46.314,46.148,46.136,46.917,46.944,47.061,,,,,,,,,,
-3.547996759,-0.005,0,0.508802515,1.070105135,1.619494057,2.536653701,3.413172278,4.096511321,4.416810274,5.313052324,,,,,,,,,,
,,,T1,L,D1L,,D1L,L,T1,,,,,,,,,,,
46.912,47.149,46.926,46.833,46.077,46.059,46.059,46.79,46.868,46.923,46.61,,,,,,,,,,
-3.701140365,0,0.451248269,0.780283282,1.549731589,2.379674768,3.203041367,3.896829994,4.261707874,5.262224815,6.245802751,,,,,,,,,,
J,,T1,L,D1L,,D1L,L,T1,,,,,,,,,,,,
47.046,46.995,47.099,46.9,46.687,46.071,46.076,46.068,46.721,46.913,46.922,,,,,,,,,,
-2.48276056,-0.321636441,0,0.432486994,0.743379445,1.525743425,2.428023476,3.424810944,3.918200863,4.439857317,7.378874169,,,,,,,,,,
R,J,,T1,L,D1L,,D1L,L,T1,,,,,,,,,,,
46.9,46.964,46.964,47.056,47.073,46.844,46.647,46.012,45.987,46.009,46.685,46.895,46.982,,,,,,,,
-3.889794982,-2.453218498,-0.23028895,-0.02915476,0,0.357050417,0.651229606,1.336886682,2.276216158,3.182286599,3.832832503,4.320811266,6.878788992,,,,,,,,
,,J,R,,T1,L,D1L,,D1L,L,T1,,,,,,,,,
46.97,46.853,46.901,46.829,46.781,46.703,45.951,45.956,45.955,46.674,46.817,46.766,,,,,,,,,
-2.907233909,-2.117314573,0,0.442227317,0.82681195,1.149854339,1.912721883,2.761753429,3.5146152,4.289242357,4.535463042,7.432049112,,,,,,,,,
R,,,J,T1,L,D1L,,D1L,L,T1,,,,,,,,,,
46.891,46.912,46.892,46.814,46.64,45.956,45.925,45.927,46.579,46.873,46.909,,,,,,,,,,
-1.925448779,0,0.569085231,1.155389545,1.377174644,2.072413569,3.030860604,3.929935368,4.561664608,4.846352958,8.308855818,,,,,,,,,,
,,,T1,L,D1L,,D1L,L,T1,,,,,,,,,,,
46.968,47.011,47.042,47.039,47.033,46.87,46.61,45.904,45.86,45.825,46.592,46.925,46.846,,,,,,,,
-3.068842942,-1.758955656,-0.041340053,0,0.58450834,1.220430252,1.647786394,2.300227163,3.250222146,3.993188826,4.695374,5.057237388,7.604715379,,,,,,,,
,R,R,,J,T1,L,D1L,,D1L,L,T1,,,,,,,,,
46.794,47.001,47.228,46.984,46.876,45.89,45.862,45.959,46.987,47.123,,,,,,,,,,,
0,-0.682469047,0,0.595718054,1.009596454,1.666590831,2.790581481,3.866288271,4.873882436,8.629155289,,,,,,,,,,,
,,,T1,L,D1L,,D1L,L,T1,,,,,,,,,,,
46.884,46.941,46.933,46.737,46.544,45.846,45.878,45.876,46.791,,,,,,,,,,,,
-2.753794836,-0.088022726,0,0.359640097,0.750309269,1.370286101,2.353504833,3.11241787,4.061678717,,,,,,,,,,,,
,,,T1,L,D1L,,D1L,T1,,,,,,,,,,,,
46.768,46.632,46.548,45.786,45.735,45.765,46.541,46.53,45.886,,,,,,,,,,,,
0,0.415351659,0.531421678,1.280182019,2.069031899,2.785526163,3.567554484,4.836054694,5.409392202,,,,,,,,,,,,
,T1,L,D1L,,D1L,L,T1,,,,,,,,,,,,,
46.428,46.632,46.717,46.565,46.516,45.757,45.747,45.812,46.488,46.761,46.668,46.102,,,,,,,,,
-3.667961969,0,0.042011904,0.248229732,0.62379644,1.370036496,2.204601097,3.115925062,3.799070675,4.160614016,5.483392107,6.082677782,,,,,,,,,
,,,T1,L,D1L,,D1L,L,T1,,,,,,,,,,,
46.528,46.76,46.644,46.461,45.725,45.731,45.745,46.424,46.643,46.68,46.097,,,,,,,,,,
-1.937562385,0,0.460287953,0.720184004,1.481427691,2.399760404,3.265152983,4.011019946,4.311016701,5.314697546,6.169587669,,,,,,,,,,
,,T1,L,D1L,,D1L,L,T1,,,,,,,,,,,,
45.416,46.364,46.608,46.611,46.492,46.425,45.684,45.692,45.709,46.403,46.463,46.374,,,,,,,,,
-5.730235685,-2.504559842,0,0.046872167,0.17314156,0.59847974,1.372519581,2.148331911,2.943426744,3.684137077,3.802018543,5.421546089,,,,,,,,,
,,,,T1,L,D1L,,D1L,L,T1,,,,,,,,,,
46.487,46.721,46.717,46.602,46.39,45.57,45.57,45.57,46.35,46.603,46.539,46.024,,,,,,,,,
-2.377502261,-0.046227698,0,0.272222335,0.67639042,1.449276026,2.271281795,2.933313484,3.763915249,4.062773437,4.916488584,5.091358954,,,,,,,,,
,,,T1,L,D1L,,D1L,L,T1,,,,,,,,,,,
45.464,46.514,46.745,46.766,46.58,46.315,45.514,45.491,45.55,46.307,46.543,46.55,46.137,,,,,,,,
-4.282029893,-2.181907423,0,0.10692053,0.421086689,0.777869525,1.632982853,2.410532098,3.005746829,3.765021381,4.075782134,5.672309671,6.917650613,,,,,,,,
,,,,T1,L,D1L,,D1L,L,T1,,,,,,,,,,
46.472,46.85,46.833,46.567,46.327,45.527,45.526,45.525,46.311,46.449,46.436,46.027,,,,,,,,,
-2.134207582,-0.006324555,0,0.637342138,0.916692423,1.77404425,2.581629331,3.342112057,4.129454807,4.452386326,5.443709121,7.449725967,,,,,,,,,
,,,T1,L,D1L,,D1L,L,T1,L,,,,,,,,,,
46.224,46.494,46.705,46.465,46.304,45.638,45.494,45.542,46.294,46.363,46.346,46.141,,,,,,,,,
-3.993419712,-2.593322387,0,0.366589689,0.648316281,1.465077814,2.286000876,3.048008038,3.807493926,4.143021241,4.944390964,6.123183812,,,,,,,,,
,,,T1,L,D1L,,D1L,L,T1,,,,,,,,,,,
45.725,46.47,46.626,46.462,46.239,45.488,45.473,45.476,46.251,46.272,46.257,46.303,,,,,,,,,
-4.52542429,-3.132935525,0,0.618567701,0.872129005,1.687617255,2.371539584,3.233136558,3.930749673,4.159189344,5.341522723,6.240578338,,,,,,,,,
,,,T1,L,D1L,,D1L,L,T1,,,,,,,,,,,
46.176,46.281,46.453,46.312,46.204,45.44,45.46,45.511,46.202,46.372,46.284,45.985,,,,,,,,,
-3.863666263,-3.157057015,0,0.338710792,0.591259673,1.391,2.1401542,2.946441413,3.578943559,3.906169992,5.311570013,6.300127142,,,,,,,,,
,,,T1,L,D1L,,D1L,L,T1,,,,,,,,,,,
45.799,46.135,46.399,46.181,46.031,45.301,45.272,45.301,46.02,46.127,46.04,45.48,,,,,,,,,
-3.047358364,-2.500580933,0,0.395828245,0.638226448,1.425491143,2.375238936,3.104671319,3.925339858,4.103123688,5.20228421,6.626798699,,,,,,,,,
,,,T1,L,D1L,,D1L,L,T1,,,,,,,,,,,
45.904,46.204,46.305,46.54,46.333,46.19,45.383,45.355,45.371,46.315,46.329,46.201,45.56,,,,,,,,
-3.90370337,-2.745541841,-0.350237063,0,0.502173276,0.794225409,1.601712208,2.389010046,3.297741803,4.118976572,4.502146266,5.761696711,6.898504259,,,,,,,,
,,,,T1,L,D1L,,D1L,L,T1,,,,,,,,,,
45.775,46.127,46.308,46.308,46.162,45.956,45.283,45.317,45.33,46.03,46.22,46.187,,,,,,,,,
-3.047358364,-2.500580933,0,0.395828245,0.638226448,1.425491143,2.375238936,3.104671319,3.925339858,4.103123688,5.20228421,6.626798699,,,,,,,,,
,,,J,T1,L,D1L,,D1L,L,T1,,,,,,,,,,
44.951,45.998,46.349,46.308,46.224,45.404,45.406,45.405,46.166,46.256,46.27,45.789,,,,,,,,,
-2.963824725,-2.17025275,0,0.387331899,0.605562548,1.496067512,2.268886952,3.070846788,3.818693494,4.04325871,5.105586744,5.833886697,,,,,,,,,
,,,T1,L,D1L,,D1L,L,T1,,,,,,,,,,,
44.996,46.043,46.394,46.353,46.269,45.449,45.451,45.45,46.211,46.301,46.315,45.834,,,,,,,,,
-2.964144564,-2.170526434,0,0.387448061,0.604910737,1.495627293,2.2685513,3.070581867,3.819283964,4.043161139,5.106588882,5.833715111,,,,,,,,,
,,,T1,L,D1L,,D1L,L,T1,,,,,,,,,,,
44.735,45.782,46.133,46.092,46.008,45.188,45.19,45.189,45.95,46.04,46.054,45.573,,,,,,,,,
-2.964475165,-2.170808376,0,0.386803568,0.605019834,1.495845245,2.26822662,3.069815141,3.818600791,4.042431198,5.105573915,5.833724368,,,,,,,,,
,,,T1,L,D1L,,D1L,L,T1,,,,,,,,,,,
44.882,45.653,45.992,46.061,45.87,45.164,45.143,45.14,45.94,45.95,45.811,45.729,,,,,,,,,
-3.287294481,-2.00662727,0,0.529748054,0.807742533,1.695472205,2.503594416,3.370973895,4.097906905,4.217852772,5.605523436,6.829227555,,,,,,,,,
,,,T1,L,D1L,,D1L,L,T1,,J,,,,,,,,,
45.18,45.98,46.322,46.096,45.902,45.132,45.111,45.127,45.922,46.113,46.05,45.613,,,,,,,,,
-3.011968791,-1.791118086,0,0.436084855,0.766087463,1.659188356,2.358888933,3.306197968,4.079034812,4.474734965,5.654621208,6.445254456,,,,,,,,,
J,,,T1,L,D1L,,D1L,L,T1,,,,,,,,,,,
45.096,45.22,45.265,45.834,46.055,45.781,45.141,45.135,45.159,45.746,46.165,46.407,46.187,44.967,45.018,46.045,46.036,45.169,,,
-17.09784387,-13.85111981,-10.02200783,-6.09749301,-4.370320355,-4.178725404,-3.401101145,-2.431509202,-1.582739713,-0.95049566,-0.497016097,0,2.061007763,3.151749514,4.199769637,5.044598894,6.112924014,7.396207204,,,
,,J,J,T1,L,D1L,,D1L,L,T1,,,,,,,,,,
44.945,44.983,45.029,45.661,46.124,45.711,45.08,45.057,45.183,45.757,46.141,46.347,45.995,44.892,44.823,45.752,45.718,45.268,,,
-15.95380184,-13.88802549,-10.009218,-6.358305592,-4.699582641,-4.404693519,-3.651770255,-2.715249528,-1.789717575,-1.274953332,-0.846690616,0,1.902461564,3.007336696,3.818852708,4.512061281,5.628378985,6.321265143,,,
,,J,J,T1,L,D1L,,D1L,L,T1,,,,,,,,,,
45.003,44.987,44.996,45.697,46.116,45.683,45.091,45.125,45.121,45.683,46.101,46.36,45.549,44.766,44.893,45.444,45.138,44.737,,,
-16.29577703,-13.55957319,-9.888560259,-5.830308739,-4.540570559,-4.125956859,-3.450594152,-2.501505547,-1.515557983,-1.109180328,-0.527811519,0,2.443160658,3.330634324,4.090618535,4.455399533,5.322957261,5.938752815,,,
,,J,J,T1,L,D1L,,D1L,L,T1,,,,,,,,,,
46.379,,,,,,,,,,,,,,,,,,,,
0,,,,,,,,,,,,,,,,,,,,
,,,,,,,,,,,,,,,,,,,,
44.9,44.898,44.909,45.895,45.967,45.668,45.002,44.999,45.006,45.698,45.956,46.27,45.611,44.736,44.754,45.389,45.153,44.601,,,
-16.19837896,-13.48270032,-9.783400687,-5.532958882,-4.656496537,-4.288448204,-3.554755969,-2.699842958,-1.790786419,-1.157822957,-0.730492984,0,2.269001984,3.096647381,3.868769831,4.490298988,5.076456441,5.948156857,,,
,,J,J,T1,L,D1L,,D1L,L,T1,,,,,,,,,,
44.755,44.769,44.827,45.894,45.924,45.62,44.887,44.878,44.967,45.633,45.76,45.953,45.952,45.594,44.743,44.756,45.243,45.222,44.548,,
-15.31450933,-13.36363667,-9.63218293,-5.967536343,-4.513436828,-4.143208057,-3.279116497,-2.41437466,-1.659713831,-0.950352566,-0.669564784,0,0.063411356,2.247337313,3.066955004,3.853553296,4.19462096,5.17946725,6.26006837,,
,,J,J,T1,L,D1L,,D1L,L,T1,,,,,,,,,,
44.612,44.775,44.808,45.625,45.822,45.62,44.912,44.858,45.01,45.609,45.714,45.907,45.602,44.701,44.751,45.318,45.229,44.648,,,
-15.32820358,-13.38584461,-9.640936106,-6.22326281,-4.382035258,-4.067475507,-3.403994125,-2.495885615,-1.580415768,-1.077777343,-0.781053776,0,2.209199855,3.123388704,3.921549183,4.415174288,5.309004144,6.163867941,,,
,,J,T1,L,D1L,L,D1L,,T1,L,,,,,,,,,,
44.721,44.756,44.836,45.73,45.812,45.594,44.898,44.854,44.975,45.62,45.699,45.942,45.962,45.306,,,,,,,
-15.18572201,-13.31399662,-9.619222941,-5.568765751,-4.077470048,-3.721794191,-2.880983338,-2.121392938,-1.245714654,-0.496864166,-0.408805577,0,0.112294257,2.858353723,,,,,,,
,R,J,J,T1,L,D1L,,D1L,L,T1,,,,,,,,,,
44.817,44.846,44.916,45.796,45.808,44.985,44.835,44.876,45.573,45.625,45.818,45.51,44.665,44.642,45.42,44.82,,,,,
-15.50022509,-13.60944969,-9.899846312,-6.132714407,-5.350213921,-3.218176191,-2.316948424,-1.42836865,-0.677682079,-0.560044641,0,2.417419492,3.128902204,3.949889239,4.470522229,6.033650056,,,,,
,R,J,T1,L,D1L,L,D1L,,T1,,,,,,,,,,,
45.526,44.745,44.775,45.327,45.753,45.534,45.089,44.936,44.918,45.494,45.656,45.879,45.711,44.665,44.629,45.242,45.141,44.617,,,
-15.61922232,-14.03124691,-10.44236874,-5.828735883,-4.344276349,-3.889167649,-3.297242636,-2.405202071,-1.426776086,-0.76584659,-0.575410288,0,2.218584234,3.281838509,4.086762166,4.549800545,5.40584591,6.216827246,,,
,,J,J,,T1,L,D1L,,D1L,L,T1,,,,,,,,,
45.837,,,,,,,,,,,,,,,,,,,,
0,,,,,,,,,,,,,,,,,,,,
,,,,,,,,,,,,,,,,,,,,
44.728,44.737,45.611,45.673,45.51,44.766,44.714,44.857,45.455,45.638,45.821,45.207,44.53,44.536,45.074,45.169,44.743,44.172,,,
-13.98243012,-10.14625389,-5.246577932,-4.15798076,-3.928482658,-3.12924991,-2.263600009,-1.772314024,-0.727794614,-0.553390459,0,2.100349019,2.86044542,3.464327063,4.099624373,4.438602032,5.843478587,6.958728907,,,
,J,J,T1,L,D1L,,D1L,L,T1,,,,,,,,,,,
44.809,44.639,44.665,45.564,45.604,45.504,44.839,44.815,44.828,45.445,45.558,45.781,45.263,44.635,44.597,45.212,45.073,44.166,,,
-15.76067137,-13.62269889,-9.783410091,-5.487716101,-4.033667934,-3.823727109,-3.067162369,-2.224550292,-1.350207392,-0.677148433,-0.426948475,0,2.590055212,2.923467975,3.664205507,3.932213753,5.618364975,7.763666724,,,
,,J,J,T1,L,D1L,,D1L,L,T1,,,,,,,,,,
44.883,44.652,44.731,45.065,45.46,45.386,44.754,44.714,44.692,45.376,45.548,45.744,45.376,44.709,44.588,45.127,44.97,44.384,,,
-15.41333634,-13.81972105,-10.09180311,-6.225025703,-4.285571141,-4.079636871,-3.398187752,-2.468340536,-1.587272188,-0.880273253,-0.550044544,0,2.077805092,2.624738082,3.487115714,3.735413766,4.826636613,5.910724237,,,
,,J,J,T1,L,D1L,,D1L,L,T1,,,,,,,,,,
45.069,44.957,45.055,45.556,45.586,45.416,44.688,44.645,44.673,45.378,45.483,45.626,45.39,44.995,44.714,45.25,45.198,,,,
-15.78451678,-13.65818235,-9.82904034,-5.890027589,-4.302280791,-4.049552321,-3.300478904,-2.532303694,-1.713553034,-1.031450435,-0.57070658,0,2.061611021,2.629137691,3.484322172,3.708388329,7.00661409,,,,
,,J,J,T1,L,D1L,,D1L,L,T1,,,,,,,,,,
45.292,45.28,45.342,45.55,45.556,45.505,44.718,44.711,44.716,45.31,45.46,45.669,45.218,44.816,44.645,45.084,45.066,,,,
-15.45986759,-13.56422961,-9.86390957,-5.799951207,-4.186632537,-4.000756178,-3.340443384,-2.454948064,-1.547563569,-0.923370457,-0.66046196,0,1.935523185,2.614348102,3.476120395,3.817929937,4.231153507,,,,
,,J,J,T1,L,D1L,,D1L,L,T1,,,,,,,,,,
45.348,45.113,45.156,45.483,45.677,45.54,45.326,44.598,44.649,44.673,45.268,45.615,45.295,44.508,44.409,45.016,44.612,,,,
-10.894392,-9.074136102,-5.071600241,-0.74475835,0,0.307416655,0.533816448,1.371165927,2.292971217,3.071547656,3.776317916,4.233804199,6.767112604,7.377456269,7.985456092,8.358433166,9.503678498,,,,
,,J,J,B4.258,T1,L,D1L,,D1L,L,T1,,,,,,,,,
44.753,44.702,44.693,45.35,45.379,45.252,44.558,44.562,44.573,45.234,45.375,45.668,44.713,44.228,44.27,44.697,44.535,,,,
-15.09671451,-13.41699732,-9.895682139,-5.607624274,-4.355972911,-4.191170958,-3.463607513,-2.619934541,-1.660942504,-1.002832489,-0.707542932,0,2.327919672,2.827525066,3.437637561,3.910326073,5.33005788,,,,
,,J,J,T1,L,D1L,,D1L,L,T1,,,,,,,,,,
44.333,44.41,44.464,45.244,45.358,45.267,44.581,44.554,44.563,45.219,45.443,45.662,44.885,44.212,44.186,44.773,43.787,,,,
-14.63952994,-13.33103571,-9.553842578,-5.007512157,-4.089655853,-3.960921736,-3.223645452,-2.327072195,-1.484337563,-0.787515714,-0.481448855,0,2.148418023,2.922347857,3.538603821,3.953400688,6.768466444,,,,
,,J,J,T1,L,D1L,,D1L,L,T1,,,,,,,,,,
45.104,44.654,44.66,45.691,45.419,45.227,44.521,44.529,44.507,45.19,45.373,45.6,45.351,44.808,44.967,,,,,,
-16.02144266,-13.71035908,-9.953569109,-4.919723569,-3.931412596,-3.794148784,-3.028062417,-2.140878791,-1.304870875,-0.638905314,-0.501091808,0,1.971163362,2.204687733,5.598222754,,,,,,
,,J,J,T1,L,D1L,,D1L,L,T1,,,,,,,,,,
44.929,45.06,45.077,45.483,45.441,45.129,44.45,44.372,44.51,45.149,45.291,45.408,45.097,44.663,44.66,44.852,44.891,,,,
-17.58438105,-15.05449435,-11.27943194,-5.325268069,-4.179806694,-3.850589695,-3.092697528,-2.332305726,-1.336385049,-0.70450692,-0.535716343,0,0.881943876,2.909216046,3.667564451,4.000637074,5.688917296,,,,
,,J,J,T1,L,D1L,,D1L,L,T1,,,,,,,,,,
45.44,45.295,45.175,44.46,44.467,44.557,45.062,45.314,45.225,,,,,,,,,,,,
-5.784776054,-4.027062949,-3.818547498,-3.109550611,-2.171082909,-1.267580372,-0.669032136,0,1.351512116,,,,,,,,,,,,
,T1,L,D1L,,D1L,L,T1,L,,,,,,,,,,,,
45.132,45.03,45.056,45.218,45.099,44.312,44.337,44.381,45.081,44.99,,,,,,,,,,,
-8.697082844,-3.133657926,-0.971413918,0,0.379153003,1.135267369,2.245185293,2.882560147,3.562920291,7.315431703,,,,,,,,,,,
,,,T1,,D1L,L,D1L,L,T1,,,,,,,,,,,
45.619,45.464,45.071,44.446,44.396,44.437,45.039,45.277,45.119,44.369,,,,,,,,,,,
-6.062247933,-4.462934124,-3.658315733,-3.092024903,-2.260570061,-1.328975545,-0.631171926,0,0.879118877,2.829091904,,,,,,,,,,,
,T1,L,D1L,,D1L,L,T1,L,,,,,,,,,,,,
45.198,45.175,44.972,44.357,44.346,44.336,45.015,45.288,44.824,44.21,,,,,,,,,,,
-6.040657663,-3.909303902,-3.548637203,-3.071277421,-2.123883236,-1.23014552,-0.436165106,0,0.595537572,2.915032933,,,,,,,,,,,
,T1,L,D1L,,D1L,L,T1,L,,,,,,,,,,,,
44.996,44.987,44.368,44.323,44.368,44.976,45.021,44.982,45.104,44.776,,,,,,,,,,,
-5.173673743,-4.407322657,-3.894478656,-2.880684641,-1.743183869,-1.218469942,-1.148064458,-0.420304651,0,3.275067786,,,,,,,,,,,
T1,L,D1L,,D1L,L,T1,,,,,,,,,,,,,,
44.843,44.2,44.188,44.251,44.863,44.911,44.847,44.668,44.457,,,,,,,,,,,,
-6.229433361,-5.798486872,-4.997249844,-3.941940639,-3.315633273,-3.149396927,-2.126646421,0,0.862955387,,,,,,,,,,,,
T1,D1L,,D1L,T1,L,,,,,,,,,,,,,,,
45.06,44.291,44.258,44.304,44.956,44.923,44.551,,,,,,,,,,,,,,
-4.21609535,-3.411607978,-2.625949352,-1.734083331,-0.958463875,0,1.479952702,,,,,,,,,,,,,,
T1,D1L,,D1L,T1,,L,,,,,,,,,,,,,,
44.893,44.704,44.952,44.271,44.219,44.339,44.973,45.149,44.906,,,,,,,,,,,,
-6.075665314,-4.038257545,-3.546567073,-2.796155396,-2.077603668,-1.187321355,-0.438463225,0,1.250539883,,,,,,,,,,,,
,T1,L,D1L,,D1L,L,T1,L,,,,,,,,,,,,
44.94,44.845,44.177,44.178,44.208,44.893,44.991,45.2,45.19,44.794,44.17,,,,,,,,,,
-4.858353013,-3.624604392,-2.694073681,-1.745780341,-1.443878457,-0.427552336,-0.244266249,-0.039661064,0,0.57522952,2.243585078,,,,,,,,,,
T1,L,D1L,,D1L,L,T1,,,,,,,,,,,,,,
44.108,44.959,44.926,44.861,44.206,44.176,44.17,44.821,44.88,44.607,44.067,,,,,,,,,,
-6.121116238,-4.521607347,-3.863685417,-3.690865752,-2.912968245,-2.029244441,-1.109668419,-0.354611055,0,0.516381642,1.814877406,,,,,,,,,,
,,T1,,D1L,L,D1L,L,T1,L,,,,,,,,,,,
44.981,44.823,44.284,44.179,44.203,44.788,44.891,45.212,44.883,43.71,43.706,43.402,,,,,,,,,
-5.896280946,-4.508231249,-4.055327853,-3.100010484,-2.161151776,-1.320842534,-1.092463729,0,0.719847206,1.88055763,2.729079882,4.344689287,,,,,,,,,
T1,L,D1L,,D1L,L,T1,,,,,,,,,,,,,,
44.483,44.757,44.769,44.155,44.161,44.103,44.72,44.888,45.172,45.181,45.031,43.794,43.803,43.734,,,,,,,
-5.84508,-4.436931935,-4.087784975,-3.293718264,-2.627708127,-1.461138255,-0.925972462,-0.512015625,0,0.059464275,1.009071355,2.913515059,3.423407659,4.94092714,,,,,,,
,T1,L,D1L,,D1L,L,T1,,,,,,,,,,,,,
44.084,44.481,44.659,44.48,44.326,43.445,43.39,43.443,44.309,44.615,44.815,,,,,,,,,,
-3.265588615,-2.065668172,0,0.357917589,0.705436744,1.537417315,2.123712315,2.853752617,3.50982293,4.269826342,6.061055767,,,,,,,,,,
,,B4.275,T1,L,D1L,,D1L,L,T1,,,,,,,,,,,
43.475,43.561,44.305,44.727,44.488,44.077,44.021,43.949,43.995,44.106,44.528,44.412,43.437,,,,,,,,
-5.81510533,-3.030364499,-1.700654581,0,0.363067487,0.690104339,1.136396058,1.861038688,2.590003089,2.974004203,3.42610639,4.622015577,7.111438813,,,,,,,,
,,,,T1,L,D1L,,D1L,L,T1,,,,,,,,,,
43.397,43.65,44.368,44.622,44.627,44.483,44.06,43.986,43.985,43.942,44.441,44.449,43.703,,,,,,,,
-6.518713446,-4.67468341,-1.245507527,0,0.037121423,0.279100342,0.660914518,0.883204394,1.963662396,2.835163842,3.348098118,4.186671829,5.06358697,,,,,,,,
,,,,T1,L,D1L,,D1L,L,T1,,,,,,,,,,
43.261,43.594,44.323,44.632,44.414,44.079,43.797,43.921,43.783,44,44.389,44.367,43.338,,,,,,,,
-5.736751171,-4.396322667,-1.213741735,0,0.391081834,0.722467993,1.18901514,2.065470892,2.620470378,2.993867399,3.329894444,4.472073793,6.988800828,,,,,,,,
,,,,T1,L,D1L,,D1L,L,T1,,,,,,,,,,
43.564,44.277,44.55,44.555,44.245,43.99,43.892,43.781,43.751,44.053,44.349,44.259,43.515,,,,,,,,
-2.294119874,-1.73775142,0,0.005,0.366922335,0.888191984,1.261732935,1.910820766,2.612735731,2.912078296,3.240259403,4.104611309,6.501905028,,,,,,,,
,,,,T1,L,D1L,,D1L,L,T1,,,,,,,,,,
43.199,43.565,44.284,44.564,44.263,44.045,43.796,43.724,43.717,43.756,44.298,44.147,43.259,,,,,,,,
-6.329230364,-3.114027135,-1.457730085,0,0.357012604,0.595084026,1.008218726,1.836245081,2.464269668,2.747856801,3.215097199,3.943456479,6.750779583,,,,,,,,
,,,,T1,L,D1L,,D1L,L,T1,,,,,,,,,,
43.141,43.546,44.145,44.453,44.268,43.989,43.771,43.785,43.781,43.96,44.225,44.162,43.107,,,,,,,,
-5.788242651,-3.609450096,-1.639793278,0,0.441453283,0.686163975,0.937213424,1.922416188,2.566142047,2.926038449,3.315221864,4.522067669,6.891010376,,,,,,,,
,,,,T1,L,D1L,,D1L,L,T1,,,,,,,,,,
43.041,44.119,44.508,44.373,43.978,43.607,43.713,43.843,44.236,44.098,43.034,,,,,,,,,,
-4.380007307,-1.529792797,-0.001,0,0.660013636,1.15220354,2.683241509,2.897366044,3.287266341,4.292968786,8.346772371,,,,,,,,,,
,,,T1,L,D1L,,D1L,L,T1,,,,,,,,,,,
43.515,44.046,44.373,44.236,43.905,43.304,43.603,43.467,43.894,44.191,43.865,,,,,,,,,,
-3.829207359,-1.776106416,0,0.31522849,0.529341101,1.269833455,2.003294287,2.62437688,3.032832505,3.407538995,4.696928892,,,,,,,,,,
,,,T1,L,D1L,,D1L,L,T1,,,,,,,,,,,
43.545,43.683,44.323,44.315,44.453,44.43,44.267,43.917,43.57,43.54,43.548,43.911,44.178,44.064,43.199,,,,,,
-4.679361601,-2.583862419,-2.02403582,-0.199218472,0,0.012165525,0.462732105,0.715251705,1.308864011,2.0551326,2.648678162,3.049766549,3.356073451,4.018267911,5.081694304,,,,,,
,,,J,,,T1,L,D1L,,D1L,L,T1,,,,,,,,
44.394,,,,,,,,,,,,,,,,,,,,
0,,,,,,,,,,,,,,,,,,,,
,,,,,,,,,,,,,,,,,,,,
42.927,42.923,43.974,44.189,44.022,43.961,43.51,43.562,43.638,43.872,44.043,43.974,43.32,,,,,,,,
-6.478965968,-3.391337494,-1.551248852,0,0.425114102,0.62285231,1.105922691,2.002263219,2.787517353,3.128483657,3.343337554,4.656793424,5.658248492,,,,,,,,
,,,,T1,L,D1L,,D1L,L,T1,,,,,,,,,,
42.884,42.953,43.88,44.225,44.09,43.866,43.528,43.465,43.525,43.855,44.036,43.925,42.748,,,,,,,,
-5.942017923,-2.083362906,-0.656960425,0,1.143662974,1.478281773,1.91149418,2.854392405,3.429475324,3.884944402,4.095148959,5.733613172,7.684905789,,,,,,,,
,,,,T1,L,D1L,,D1L,L,T1,,,,,,,,,,
42.766,42.818,43.898,44.188,44.07,43.828,43.361,43.375,43.528,43.839,44.052,43.819,42.845,,,,,,,,
-6.413801368,-3.171594236,-1.494912038,0,0.486694977,0.653817253,1.175995324,1.972957679,2.700401823,3.042778007,3.223464751,4.371949223,6.766298988,,,,,,,,
,,,,T1,L,D1L,,D1L,L,T1,,,,,,,,,,
42.732,42.883,44.025,44.192,44.066,43.863,43.509,43.452,43.552,43.836,44.159,44.05,42.593,,,,,,,,
-5.676182256,-3.177589337,-1.172427396,0,0.482578491,0.690394815,1.137901578,2.002483707,2.700212029,3.057986919,3.711137966,5.027927008,6.884506446,,,,,,,,
,,,,T1,L,D1L,,D1L,L,T1,,,,,,,,,,
42.618,42.915,43.877,44.139,44,43.808,43.565,43.572,43.581,43.793,44.1,42.664,,,,,,,,,
-7.057887573,-2.844838309,-1.356810967,0,0.4629352,0.701402167,1.083523881,2.087640055,2.829892048,3.217311455,3.637031894,6.776308139,,,,,,,,,
,,,,T1,L,D1L,,D1L,L,T1,,,,,,,,,,
42.578,43.609,44.117,43.984,43.745,43.543,43.577,43.53,43.775,44.022,43.926,42.517,,,,,,,,,
-5.226406796,-1.342067435,0,0.633752318,0.857841478,1.315061215,2.226000001,3.096899741,3.435675334,3.702063343,4.736397154,6.996387783,,,,,,,,,
,,,T1,L,D1L,,D1L,L,T1,,,,,,,,,,,
42.536,43.765,44.093,44.094,43.958,43.758,43.402,43.473,43.451,43.728,43.96,43.832,42.483,,,,,,,,
-5.503744999,-1.111793597,-0.059908263,0,0.214767316,0.543105882,0.950962144,1.986183526,2.700246655,3.035554974,3.382251468,4.317462332,6.545926978,,,,,,,,
,,,,T1,L,D1L,,D1L,L,T1,,,,,,,,,,
43.998,44.191,43.755,43.72,43.192,43.243,43.364,43.662,43.911,43.865,42.366,,,,,,,,,,
-1.438483924,0,0.622833847,0.932824206,1.589631718,2.35012021,2.935870741,3.416740259,3.750793117,5.047129977,7.510888762,,,,,,,,,,
,,T1,L,D1L,L,D1L,,T1,,,,,,,,,,,,
42.876,43.725,44.098,43.937,43.76,43.488,43.499,43.387,43.684,43.836,43.803,42.357,,,,,,,,,
-3.077381355,-1.693862155,0,0.385659176,0.677268778,1.248926739,1.87084072,2.56546331,3.139001433,3.349204383,4.553122224,6.415510346,,,,,,,,,
,,,T1,L,D1L,,D1L,L,T1,,,,,,,,,,,
42.743,43.769,44.014,44.021,43.831,43.74,43.255,43.203,43.273,43.692,43.846,43.757,42.417,,,,,,,,
-3.916675758,-1.597290206,0,0.057688821,0.434073727,0.606023926,1.080379562,2.007520112,2.543408736,3.022743456,3.348181745,4.550070878,6.616029172,,,,,,,,
,,,,T1,L,D1L,,D1L,L,T1,,,,,,,,,,
42.847,43.678,44.033,43.854,43.728,43.344,43.391,43.36,43.69,43.793,43.679,42.481,,,,,,,,,
-3.537703492,-1.778440326,0,0.461806237,0.577698884,1.053320939,1.933542346,2.565376386,3.124018246,3.197992652,4.617940884,6.337307394,,,,,,,,,
,,,T1,L,D1L,,D1L,L,T1,,,,,,,,,,,
43.078,43.545,43.907,43.717,43.5,43.265,43.25,43.221,43.527,43.872,43.802,42.895,,,,,,,,,
-4.063627566,-1.939779884,0,0.353566118,0.669516991,0.915669155,1.882068013,2.607994058,2.973550068,3.315600248,4.412770785,5.974096753,,,,,,,,,
,,,T1,L,D1L,,D1L,L,T1,,,,,,,,,,,
43.226,43.557,43.882,43.802,43.595,43.324,43.191,43.096,43.608,43.768,43.67,42.503,,,,,,,,,
-1.729462634,-0.491448879,0,2.206081821,2.42862286,2.756001632,3.584011301,4.305377335,4.826582745,5.07041665,6.226463683,8.301742105,,,,,,,,,
,,,T1,L,D1L,,D1L,L,T1,,,,,,,,,,,
